Date,Price
2004/2/1,48.6
2004/2/2,48.6
2004/2/3,48.71
2004/2/4,47.34
2004/2/5,47.45
2004/2/6,48.62
2004/2/7,48.38
2004/2/8,48.38
2004/2/9,48.38
2004/2/10,48.59
2004/2/11,49.02
2004/2/12,48.63
2004/2/13,48.22
2004/2/14,48.73
2004/2/15,48.73
2004/2/16,48.73
2004/2/17,48.73
2004/2/18,48.72
2004/2/19,48.72
2004/2/20,47.67
2004/2/21,46.69
2004/2/22,46.69
2004/2/23,46.69
2004/2/24,46.74
2004/2/25,47.3
2004/2/26,47.57
2004/2/27,47.35
2004/2/28,47.89
2004/2/29,47.89
2004/3/1,47.89
2004/3/2,47.55
2004/3/3,47.21
2004/3/4,47.21
2004/3/5,47.62
2004/3/6,46.28
2004/3/7,46.28
2004/3/8,46.28
2004/3/9,45.95
2004/3/10,45.32
2004/3/11,44.74
2004/3/12,45.76
2004/3/13,44.76
2004/3/14,44.76
2004/3/15,44.76
2004/3/16,45
2004/3/17,45.76
2004/3/18,45.35
2004/3/19,44.65
2004/3/20,43.83
2004/3/21,43.83
2004/3/22,43.83
2004/3/23,43.94
2004/3/24,44.22
2004/3/25,45.62
2004/3/26,45.59
2004/3/27,46.17
2004/3/28,46.17
2004/3/29,46.17
2004/3/30,46.17
2004/3/31,45.98
2004/4/1,46.47
2004/4/2,47.66
2004/4/3,48.2
2004/4/4,48.2
2004/4/5,48.2
2004/4/6,48.2
2004/4/7,47.23
2004/4/8,47.37
2004/4/9,47.62
2004/4/10,47.62
2004/4/11,47.62
2004/4/12,47.62
2004/4/13,46.99
2004/4/14,46.77
2004/4/15,46.17
2004/4/16,45.62
2004/4/17,46.02
2004/4/18,46.02
2004/4/19,46.02
2004/4/20,45.09
2004/4/21,45.56
2004/4/22,46.3
2004/4/23,46.91
2004/4/24,46.32
2004/4/25,46.32
2004/4/26,46.32
2004/4/27,46.16
2004/4/28,45.13
2004/4/29,44.31
2004/4/30,43.48
2004/5/1,43.6
2004/5/2,43.6
2004/5/3,43.6
2004/5/4,44.15
2004/5/5,44.15
2004/5/6,44.03
2004/5/7,44.01
2004/5/8,43.76
2004/5/9,43.76
2004/5/10,43.76
2004/5/11,44.53
2004/5/12,44.28
2004/5/13,44.27
2004/5/14,44.27
2004/5/15,43
2004/5/16,43
2004/5/17,43
2004/5/18,43.53
2004/5/19,43.71
2004/5/20,43.69
2004/5/21,43.69
2004/5/22,44.14
2004/5/23,44.14
2004/5/24,44.14
2004/5/25,45.15
2004/5/26,45.27
2004/5/27,45.45
2004/5/28,45.7
2004/5/29,45.55
2004/5/30,45.55
2004/5/31,45.55
2004/6/1,45.55
2004/6/2,45.33
2004/6/3,44.64
2004/6/4,45.22
2004/6/5,46.3
2004/6/6,46.3
2004/6/7,46.3
2004/6/8,46.48
2004/6/9,45.73
2004/6/10,45.99
2004/6/11,45.27
2004/6/12,45.27
2004/6/13,45.27
2004/6/14,45.27
2004/6/15,45.96
2004/6/16,45.78
2004/6/17,45.21
2004/6/18,45.28
2004/6/19,44.99
2004/6/20,44.99
2004/6/21,44.99
2004/6/22,45.67
2004/6/23,46.41
2004/6/24,46.41
2004/6/25,46.33
2004/6/26,45.97
2004/6/27,45.97
2004/6/28,45.97
2004/6/29,45.97
2004/6/30,46.73
2004/7/1,45.76
2004/7/2,45.2
2004/7/3,43.99
2004/7/4,43.99
2004/7/5,43.99
2004/7/6,43.99
2004/7/7,44.11
2004/7/8,43.43
2004/7/9,43.9
2004/7/10,43.54
2004/7/11,43.54
2004/7/12,43.54
2004/7/13,43.4
2004/7/14,42.59
2004/7/15,42.51
2004/7/16,42.51
2004/7/17,41.99
2004/7/18,41.99
2004/7/19,41.99
2004/7/20,42.86
2004/7/21,41.97
2004/7/22,42.53
2004/7/23,41.5
2004/7/24,41.51
2004/7/25,41.51
2004/7/26,41.51
2004/7/27,41.92
2004/7/28,41.92
2004/7/29,42.49
2004/7/30,42.69
2004/7/31,42.79
2004/8/1,42.79
2004/8/2,42.79
2004/8/3,41.85
2004/8/4,41.97
2004/8/5,41.31
2004/8/6,40.19
2004/8/7,40.19
2004/8/8,40.19
2004/8/9,40.19
2004/8/10,40.84
2004/8/11,39.66
2004/8/12,38.68
2004/8/13,38.92
2004/8/14,39.37
2004/8/15,39.37
2004/8/16,39.37
2004/8/17,39.68
2004/8/18,39.68
2004/8/19,40.37
2004/8/20,40.37
2004/8/21,40.92
2004/8/22,40.92
2004/8/23,40.92
2004/8/24,40.6
2004/8/25,40.6
2004/8/26,40.98
2004/8/27,41.2
2004/8/28,40.66
2004/8/29,40.66
2004/8/30,40.66
2004/8/31,40.43
2004/9/1,40.7
2004/9/2,40.7
2004/9/3,40.24
2004/9/4,40.24
2004/9/5,40.24
2004/9/6,40.24
2004/9/7,40.24
2004/9/8,40.36
2004/9/9,41.2
2004/9/10,41.2
2004/9/11,41.2
2004/9/12,41.2
2004/9/13,41.2
2004/9/14,42.37
2004/9/15,41.74
2004/9/16,41.88
2004/9/17,41.99
2004/9/18,42.26
2004/9/19,42.26
2004/9/20,42.26
2004/9/21,42.63
2004/9/22,41.74
2004/9/23,41.87
2004/9/24,41.87
2004/9/25,41.02
2004/9/26,41.02
2004/9/27,41.02
2004/9/28,41.02
2004/9/29,41.6
2004/9/30,41.73
2004/10/1,43.1
2004/10/2,43.38
2004/10/3,43.38
2004/10/4,43.38
2004/10/5,43.58
2004/10/6,43.85
2004/10/7,43.4
2004/10/8,42.58
2004/10/9,42.7
2004/10/10,42.7
2004/10/11,42.7
2004/10/12,42.49
2004/10/13,42.5
2004/10/14,42.09
2004/10/15,42.15
2004/10/16,42.72
2004/10/17,42.72
2004/10/18,42.72
2004/10/19,42.84
2004/10/20,42.91
2004/10/21,43.53
2004/10/22,42.56
2004/10/23,42.63
2004/10/24,42.63
2004/10/25,42.63
2004/10/26,42.63
2004/10/27,43.7
2004/10/28,43.75
2004/10/29,43.88
2004/10/30,44.12
2004/10/31,44.12
2004/11/1,44.12
2004/11/2,44.26
2004/11/3,44.38
2004/11/4,44.9
2004/11/5,45.3
2004/11/6,45.42
2004/11/7,45.42
2004/11/8,45.42
2004/11/9,45.37
2004/11/10,44.91
2004/11/11,45.58
2004/11/12,46.1
2004/11/13,46.56
2004/11/14,46.56
2004/11/15,46.56
2004/11/16,46.2
2004/11/17,46.84
2004/11/18,47.09
2004/11/19,46.24
2004/11/20,46.48
2004/11/21,46.48
2004/11/22,46.48
2004/11/23,46.27
2004/11/24,46.66
2004/11/25,46.44
2004/11/26,46.44
2004/11/27,46.55
2004/11/28,46.55
2004/11/29,46.55
2004/11/30,46.3
2004/12/1,47.35
2004/12/2,47.35
2004/12/3,47.86
2004/12/4,48.1
2004/12/5,48.1
2004/12/6,48.1
2004/12/7,47.32
2004/12/8,47.23
2004/12/9,47.09
2004/12/10,46.9
2004/12/11,47.4
2004/12/12,47.4
2004/12/13,47.4
2004/12/14,47.56
2004/12/15,47.73
2004/12/16,47.37
2004/12/17,47.12
2004/12/18,46.74
2004/12/19,46.74
2004/12/20,46.74
2004/12/21,47.33
2004/12/22,46.88
2004/12/23,46.94
2004/12/24,46.69
2004/12/25,46.69
2004/12/26,46.69
2004/12/27,46.69
2004/12/28,46.91
2004/12/29,47.02
2004/12/30,47.08
2004/12/31,47
2005/1/1,46.52
2005/1/2,46.52
2005/1/3,46.52
2005/1/4,45.55
2005/1/5,45.24
2005/1/6,45.1
2005/1/7,45.16
2005/1/8,45.22
2005/1/9,45.22
2005/1/10,45.22
2005/1/11,44.73
2005/1/12,45
2005/1/13,44.55
2005/1/14,44.84
2005/1/15,45.28
2005/1/16,45.28
2005/1/17,45.28
2005/1/18,45.28
2005/1/19,44.33
2005/1/20,44.02
2005/1/21,43.62
2005/1/22,43.09
2005/1/23,43.09
2005/1/24,43.09
2005/1/25,43.33
2005/1/26,43.84
2005/1/27,43.94
2005/1/28,43.8
2005/1/29,44.34
2005/1/30,44.34
2005/1/31,44.34
2005/2/1,44.48
2005/2/2,44.59
2005/2/3,44.19
2005/2/4,44.99
2005/2/5,44.93
2005/2/6,44.93
2005/2/7,44.93
2005/2/8,45.1
2005/2/9,44.37
2005/2/10,44.4
2005/2/11,44.91
2005/2/12,45.06
2005/2/13,45.06
2005/2/14,45.06
2005/2/15,45.3
2005/2/16,45.13
2005/2/17,44.52
2005/2/18,44.4
2005/2/19,43.98
2005/2/20,43.98
2005/2/21,43.98
2005/2/22,43.98
2005/2/23,43.88
2005/2/24,44.33
2005/2/25,44.62
2005/2/26,44.51
2005/2/27,44.51
2005/2/28,44.51
2005/3/1,44.98
2005/3/2,44.82
2005/3/3,44.52
2005/3/4,44.76
2005/3/5,45.26
2005/3/6,45.26
2005/3/7,45.26
2005/3/8,44.87
2005/3/9,44.75
2005/3/10,44.87
2005/3/11,44.3
2005/3/12,44.45
2005/3/13,44.45
2005/3/14,44.45
2005/3/15,44.05
2005/3/16,43.6
2005/3/17,43.6
2005/3/18,43.31
2005/3/19,43.41
2005/3/20,43.41
2005/3/21,43.41
2005/3/22,43.01
2005/3/23,43.26
2005/3/24,43.28
2005/3/25,43.24
2005/3/26,43.24
2005/3/27,43.24
2005/3/28,43.24
2005/3/29,42.85
2005/3/30,43.55
2005/3/31,43.42
2005/4/1,43.1
2005/4/2,43.23
2005/4/3,43.23
2005/4/4,43.23
2005/4/5,43.16
2005/4/6,43.14
2005/4/7,43.65
2005/4/8,43.3
2005/4/9,43.09
2005/4/10,43.09
2005/4/11,43.09
2005/4/12,43.25
2005/4/13,42.52
2005/4/14,41.95
2005/4/15,40.63
2005/4/16,40.7
2005/4/17,40.7
2005/4/18,40.7
2005/4/19,41.21
2005/4/20,40.88
2005/4/21,42.04
2005/4/22,41.57
2005/4/23,41.91
2005/4/24,41.91
2005/4/25,41.91
2005/4/26,41.45
2005/4/27,41.56
2005/4/28,41.08
2005/4/29,41.45
2005/4/30,41.58
2005/5/1,41.58
2005/5/2,41.58
2005/5/3,41.78
2005/5/4,42.2
2005/5/5,42.12
2005/5/6,42.34
2005/5/7,42.52
2005/5/8,42.52
2005/5/9,42.52
2005/5/10,42.05
2005/5/11,42.3
2005/5/12,42.23
2005/5/13,42.87
2005/5/14,43.27
2005/5/15,43.27
2005/5/16,43.27
2005/5/17,43.52
2005/5/18,44.14
2005/5/19,44.49
2005/5/20,44.55
2005/5/21,44.77
2005/5/22,44.77
2005/5/23,44.77
2005/5/24,44.99
2005/5/25,44.77
2005/5/26,45.27
2005/5/27,45.26
2005/5/28,44.96
2005/5/29,44.96
2005/5/30,44.96
2005/5/31,44.96
2005/6/1,45.47
2005/6/2,45.63
2005/6/3,45.09
2005/6/4,45.1
2005/6/5,45.1
2005/6/6,45.1
2005/6/7,44.95
2005/6/8,44.88
2005/6/9,45.28
2005/6/10,44.91
2005/6/11,45.11
2005/6/12,45.11
2005/6/13,45.11
2005/6/14,44.85
2005/6/15,45.03
2005/6/16,45.23
2005/6/17,45.27
2005/6/18,45.21
2005/6/19,45.21
2005/6/20,45.21
2005/6/21,45.38
2005/6/22,45.51
2005/6/23,45.16
2005/6/24,44.54
2005/6/25,44.19
2005/6/26,44.19
2005/6/27,44.19
2005/6/28,44.7
2005/6/29,44.66
2005/6/30,44.4
2005/7/1,44.38
2005/7/2,44.74
2005/7/3,44.74
2005/7/4,44.74
2005/7/5,44.74
2005/7/6,44.67
2005/7/7,44.84
2005/7/8,45.63
2005/7/9,46.14
2005/7/10,46.14
2005/7/11,46.14
2005/7/12,46.46
2005/7/13,46.65
2005/7/14,46.95
2005/7/15,46.98
2005/7/16,46.77
2005/7/17,46.77
2005/7/18,46.77
2005/7/19,47.55
2005/7/20,47.52
2005/7/21,47.14
2005/7/22,47.03
2005/7/23,46.81
2005/7/24,46.81
2005/7/25,46.81
2005/7/26,47.05
2005/7/27,47.2
2005/7/28,47.28
2005/7/29,46.98
2005/7/30,47.07
2005/7/31,47.07
2005/8/1,47.07
2005/8/2,47.65
2005/8/3,47.76
2005/8/4,47.3
2005/8/5,47.2
2005/8/6,46.95
2005/8/7,46.95
2005/8/8,46.95
2005/8/9,47.16
2005/8/10,46.63
2005/8/11,46.96
2005/8/12,46.45
2005/8/13,46.79
2005/8/14,46.79
2005/8/15,46.79
2005/8/16,46.16
2005/8/17,46.67
2005/8/18,46.35
2005/8/19,46.4
2005/8/20,46.46
2005/8/21,46.46
2005/8/22,46.46
2005/8/23,46.49
2005/8/24,46.27
2005/8/25,46.38
2005/8/26,46.19
2005/8/27,46.52
2005/8/28,46.52
2005/8/29,46.52
2005/8/30,46.34
2005/8/31,46.73
2005/9/1,46.63
2005/9/2,46.49
2005/9/3,47.06
2005/9/4,47.06
2005/9/5,47.06
2005/9/6,47.06
2005/9/7,47.17
2005/9/8,47.28
2005/9/9,47.48
2005/9/10,47.59
2005/9/11,47.59
2005/9/12,47.59
2005/9/13,47.56
2005/9/14,47.12
2005/9/15,46.91
2005/9/16,47.2
2005/9/17,46.88
2005/9/18,46.88
2005/9/19,46.88
2005/9/20,46.68
2005/9/21,46.16
2005/9/22,46.19
2005/9/23,46.28
2005/9/24,46.22
2005/9/25,46.22
2005/9/26,46.22
2005/9/27,46.1
2005/9/28,46.28
2005/9/29,46.77
2005/9/30,47.09
2005/10/1,47.23
2005/10/2,47.23
2005/10/3,47.23
2005/10/4,46.69
2005/10/5,45.98
2005/10/6,45.53
2005/10/7,45.64
2005/10/8,45.27
2005/10/9,45.27
2005/10/10,45.27
2005/10/11,45.02
2005/10/12,44.67
2005/10/13,44.99
2005/10/14,45.17
2005/10/15,45.23
2005/10/16,45.23
2005/10/17,45.23
2005/10/18,45.16
2005/10/19,45.65
2005/10/20,45.41
2005/10/21,45.77
2005/10/22,46.32
2005/10/23,46.32
2005/10/24,46.32
2005/10/25,45.98
2005/10/26,45.91
2005/10/27,45.34
2005/10/28,45.59
2005/10/29,46.34
2005/10/30,46.34
2005/10/31,46.34
2005/11/1,46.1
2005/11/2,46.74
2005/11/3,47.29
2005/11/4,47.51
2005/11/5,47.77
2005/11/6,47.77
2005/11/7,47.77
2005/11/8,47.63
2005/11/9,47.73
2005/11/10,47.99
2005/11/11,48.09
2005/11/12,48.17
2005/11/13,48.17
2005/11/14,48.17
2005/11/15,48.04
2005/11/16,48.2
2005/11/17,48.87
2005/11/18,49.02
2005/11/19,49.03
2005/11/20,49.03
2005/11/21,49.03
2005/11/22,49.45
2005/11/23,49.67
2005/11/24,49.84
2005/11/25,49.84
2005/11/26,49.55
2005/11/27,49.55
2005/11/28,49.55
2005/11/29,49.44
2005/11/30,49.38
2005/12/1,50.29
2005/12/2,50.34
2005/12/3,49.93
2005/12/4,49.93
2005/12/5,49.93
2005/12/6,50.04
2005/12/7,49.9
2005/12/8,49.58
2005/12/9,49.88
2005/12/10,49.97
2005/12/11,49.97
2005/12/12,49.97
2005/12/13,49.95
2005/12/14,49.87
2005/12/15,49.78
2005/12/16,49.71
2005/12/17,49.01
2005/12/18,49.01
2005/12/19,49.01
2005/12/20,48.95
2005/12/21,49.13
2005/12/22,49.32
2005/12/23,49.42
2005/12/24,48.95
2005/12/25,48.95
2005/12/26,48.95
2005/12/27,48.95
2005/12/28,48.96
2005/12/29,48.65
2005/12/30,48.3
2005/12/31,49.25
2006/1/1,49.25
2006/1/2,49.25
2006/1/3,49.25
2006/1/4,49.87
2006/1/5,50.31
2006/1/6,51.17
2006/1/7,51.39
2006/1/8,51.39
2006/1/9,51.39
2006/1/10,51.47
2006/1/11,51.98
2006/1/12,51.59
2006/1/13,51.52
2006/1/14,51.03
2006/1/15,51.03
2006/1/16,51.03
2006/1/17,51.03
2006/1/18,50.45
2006/1/19,50.93
2006/1/20,49.45
2006/1/21,49.49
2006/1/22,49.49
2006/1/23,49.49
2006/1/24,49.7
2006/1/25,49.72
2006/1/26,50.09
2006/1/27,50.51
2006/1/28,50.71
2006/1/29,50.71
2006/1/30,50.71
2006/1/31,50.38
2006/2/1,50.55
2006/2/2,49.88
2006/2/3,49.31
2006/2/4,49.18
2006/2/5,49.18
2006/2/6,49.18
2006/2/7,49.1
2006/2/8,49.87
2006/2/9,49.7
2006/2/10,49.79
2006/2/11,49.32
2006/2/12,49.32
2006/2/13,49.32
2006/2/14,49.79
2006/2/15,49.94
2006/2/16,50.49
2006/2/17,50.14
2006/2/18,49.56
2006/2/19,49.56
2006/2/20,49.56
2006/2/21,49.56
2006/2/22,50.04
2006/2/23,49.74
2006/2/24,49.81
2006/2/25,50.4
2006/2/26,50.4
2006/2/27,50.4
2006/2/28,49.81
2006/3/1,50.78
2006/3/2,50.83
2006/3/3,50.65
2006/3/4,50.15
2006/3/5,50.15
2006/3/6,50.15
2006/3/7,49.81
2006/3/8,49.81
2006/3/9,49.37
2006/3/10,49.41
2006/3/11,49.6
2006/3/12,49.6
2006/3/13,49.6
2006/3/14,50.25
2006/3/15,50.53
2006/3/16,50.17
2006/3/17,50.3
2006/3/18,50.55
2006/3/19,50.55
2006/3/20,50.55
2006/3/21,50.24
2006/3/22,50.27
2006/3/23,50.15
2006/3/24,50.46
2006/3/25,50.53
2006/3/26,50.53
2006/3/27,50.53
2006/3/28,50.09
2006/3/29,50.94
2006/3/30,51.13
2006/3/31,50.95
2006/4/1,51.07
2006/4/2,51.07
2006/4/3,51.07
2006/4/4,51.25
2006/4/5,51.73
2006/4/6,51.91
2006/4/7,51.26
2006/4/8,51.02
2006/4/9,51.02
2006/4/10,51.02
2006/4/11,50.62
2006/4/12,50.66
2006/4/13,50.85
2006/4/14,50.45
2006/4/15,50.45
2006/4/16,50.45
2006/4/17,50.45
2006/4/18,51.47
2006/4/19,51.6
2006/4/20,51.69
2006/4/21,51.16
2006/4/22,51.03
2006/4/23,51.03
2006/4/24,51.03
2006/4/25,50.95
2006/4/26,51.01
2006/4/27,51.51
2006/4/28,50.49
2006/4/29,50.11
2006/4/30,50.11
2006/5/1,50.11
2006/5/2,50.25
2006/5/3,50.18
2006/5/4,50.53
2006/5/5,50.86
2006/5/6,50.86
2006/5/7,50.86
2006/5/8,50.86
2006/5/9,50.6
2006/5/10,50.04
2006/5/11,48.82
2006/5/12,48.37
2006/5/13,48.26
2006/5/14,48.26
2006/5/15,48.26
2006/5/16,47.83
2006/5/17,47.29
2006/5/18,47.04
2006/5/19,47.31
2006/5/20,46.94
2006/5/21,46.94
2006/5/22,46.94
2006/5/23,46.57
2006/5/24,46.91
2006/5/25,47.42
2006/5/26,47.58
2006/5/27,46.67
2006/5/28,46.67
2006/5/29,46.67
2006/5/30,46.67
2006/5/31,46.79
2006/6/1,47.63
2006/6/2,47.49
2006/6/3,46.56
2006/6/4,46.56
2006/6/5,46.56
2006/6/6,46.44
2006/6/7,45.91
2006/6/8,45.58
2006/6/9,45.35
2006/6/10,44.42
2006/6/11,44.42
2006/6/12,44.42
2006/6/13,44.17
2006/6/14,44.61
2006/6/15,45.87
2006/6/16,45.66
2006/6/17,45.42
2006/6/18,45.42
2006/6/19,45.42
2006/6/20,45.31
2006/6/21,46.16
2006/6/22,45.6
2006/6/23,45.46
2006/6/24,45.63
2006/6/25,45.63
2006/6/26,45.63
2006/6/27,44.91
2006/6/28,45.06
2006/6/29,46.38
2006/6/30,46.17
2006/7/1,46.62
2006/7/2,46.62
2006/7/3,46.62
2006/7/4,45.79
2006/7/5,45.79
2006/7/6,45.8
2006/7/7,45.17
2006/7/8,44.56
2006/7/9,44.56
2006/7/10,44.56
2006/7/11,44.85
2006/7/12,43.98
2006/7/13,43.23
2006/7/14,43.07
2006/7/15,43.12
2006/7/16,43.12
2006/7/17,43.12
2006/7/18,43.24
2006/7/19,43.94
2006/7/20,43.24
2006/7/21,42.59
2006/7/22,43.35
2006/7/23,43.35
2006/7/24,43.35
2006/7/25,43.63
2006/7/26,43.67
2006/7/27,43.45
2006/7/28,44.33
2006/7/29,44.3
2006/7/30,44.3
2006/7/31,44.3
2006/8/1,43.54
2006/8/2,43.98
2006/8/3,44.32
2006/8/4,44.13
2006/8/5,43.94
2006/8/6,43.94
2006/8/7,43.94
2006/8/8,43.84
2006/8/9,44
2006/8/10,44.32
2006/8/11,43.91
2006/8/12,44.4
2006/8/13,44.4
2006/8/14,44.4
2006/8/15,45.56
2006/8/16,46.58
2006/8/17,46.82
2006/8/18,46.99
2006/8/19,46.59
2006/8/20,46.59
2006/8/21,46.59
2006/8/22,46.54
2006/8/23,46.27
2006/8/24,46.41
2006/8/25,46.57
2006/8/26,46.98
2006/8/27,46.98
2006/8/28,46.98
2006/8/29,47.37
2006/8/30,47.81
2006/8/31,47.79
2006/9/1,47.79
2006/9/2,48.06
2006/9/3,48.06
2006/9/4,48.06
2006/9/5,48.06
2006/9/6,47.1
2006/9/7,46.85
2006/9/8,47.22
2006/9/9,47.62
2006/9/10,47.62
2006/9/11,47.62
2006/9/12,48.59
2006/9/13,48.7
2006/9/14,48.84
2006/9/15,48.95
2006/9/16,48.99
2006/9/17,48.99
2006/9/18,48.99
2006/9/19,48.66
2006/9/20,49.44
2006/9/21,48.91
2006/9/22,48.5
2006/9/23,49.34
2006/9/24,49.34
2006/9/25,49.34
2006/9/26,49.6
2006/9/27,49.47
2006/9/28,49.73
2006/9/29,49.52
2006/9/30,49.26
2006/10/1,49.26
2006/10/2,49.26
2006/10/3,49.26
2006/10/4,50.18
2006/10/5,50.24
2006/10/6,50.17
2006/10/7,50.34
2006/10/8,50.34
2006/10/9,50.34
2006/10/10,50.33
2006/10/11,50.42
2006/10/12,51.13
2006/10/13,51.61
2006/10/14,51.77
2006/10/15,51.77
2006/10/16,51.77
2006/10/17,51.19
2006/10/18,50.9
2006/10/19,50.96
2006/10/20,50.95
2006/10/21,51.41
2006/10/22,51.41
2006/10/23,51.41
2006/10/24,51.08
2006/10/25,51.44
2006/10/26,51.74
2006/10/27,50.94
2006/10/28,51.34
2006/10/29,51.34
2006/10/30,51.34
2006/10/31,51.42
2006/11/1,50.87
2006/11/2,50.91
2006/11/3,50.81
2006/11/4,51.52
2006/11/5,51.52
2006/11/6,51.52
2006/11/7,51.68
2006/11/8,51.88
2006/11/9,51.93
2006/11/10,52.09
2006/11/11,52.67
2006/11/12,52.67
2006/11/13,52.67
2006/11/14,53.31
2006/11/15,53.45
2006/11/16,53.68
2006/11/17,53.53
2006/11/18,53.66
2006/11/19,53.66
2006/11/20,53.66
2006/11/21,53.65
2006/11/22,54.06
2006/11/23,54.06
2006/11/24,54.06
2006/11/25,52.65
2006/11/26,52.65
2006/11/27,52.65
2006/11/28,52.78
2006/11/29,53.07
2006/11/30,53.23
2006/12/1,52.67
2006/12/2,53.47
2006/12/3,53.47
2006/12/4,53.47
2006/12/5,53.6
2006/12/6,53.36
2006/12/7,52.88
2006/12/8,52.96
2006/12/9,53.13
2006/12/10,53.13
2006/12/11,53.13
2006/12/12,52.83
2006/12/13,52.92
2006/12/14,53.48
2006/12/15,53.49
2006/12/16,53
2006/12/17,53
2006/12/18,53
2006/12/19,52.83
2006/12/20,52.88
2006/12/21,52.52
2006/12/22,52.19
2006/12/23,52.41
2006/12/24,52.41
2006/12/25,52.41
2006/12/26,52.41
2006/12/27,52.83
2006/12/28,52.69
2006/12/29,52.55
2006/12/30,52.62
2006/12/31,52.62
2007/1/1,52.62
2007/1/2,52.62
2007/1/3,52.62
2007/1/4,53.65
2007/1/5,53.15
2007/1/6,53.31
2007/1/7,53.31
2007/1/8,53.31
2007/1/9,53.55
2007/1/10,53.92
2007/1/11,54.37
2007/1/12,54.65
2007/1/13,54.37
2007/1/14,54.37
2007/1/15,54.37
2007/1/16,54.37
2007/1/17,53.7
2007/1/18,52.76
2007/1/19,52.8
2007/1/20,52.34
2007/1/21,52.34
2007/1/22,52.34
2007/1/23,52.27
2007/1/24,53.19
2007/1/25,52.7
2007/1/26,52.83
2007/1/27,52.83
2007/1/28,52.83
2007/1/29,52.83
2007/1/30,53.11
2007/1/31,53.37
2007/2/1,53.34
2007/2/2,53.43
2007/2/3,53.42
2007/2/4,53.42
2007/2/5,53.42
2007/2/6,53.33
2007/2/7,53.77
2007/2/8,53.8
2007/2/9,53.18
2007/2/10,52.91
2007/2/11,52.91
2007/2/12,52.91
2007/2/13,53.15
2007/2/14,53.84
2007/2/15,54.1
2007/2/16,53.98
2007/2/17,54.23
2007/2/18,54.23
2007/2/19,54.23
2007/2/20,54.23
2007/2/21,54.16
2007/2/22,54.45
2007/2/23,54.33
2007/2/24,54.05
2007/2/25,54.05
2007/2/26,54.05
2007/2/27,52.05
2007/2/28,52.2
2007/3/1,51.95
2007/3/2,51.15
2007/3/3,50.84
2007/3/4,50.84
2007/3/5,50.84
2007/3/6,51.77
2007/3/7,51.53
2007/3/8,51.67
2007/3/9,51.75
2007/3/10,52.16
2007/3/11,52.16
2007/3/12,52.16
2007/3/13,51.27
2007/3/14,51.72
2007/3/15,51.74
2007/3/16,51.7
2007/3/17,52.03
2007/3/18,52.03
2007/3/19,52.03
2007/3/20,52.33
2007/3/21,53.28
2007/3/22,53.12
2007/3/23,53.09
2007/3/24,53.27
2007/3/25,53.27
2007/3/26,53.27
2007/3/27,52.98
2007/3/28,52.56
2007/3/29,52.38
2007/3/30,52.42
2007/3/31,52.56
2007/4/1,52.56
2007/4/2,52.56
2007/4/3,53.17
2007/4/4,53.42
2007/4/5,53.67
2007/4/6,53.65
2007/4/7,53.65
2007/4/8,53.65
2007/4/9,53.65
2007/4/10,53.73
2007/4/11,53.3
2007/4/12,53.7
2007/4/13,53.84
2007/4/14,54.28
2007/4/15,54.28
2007/4/16,54.28
2007/4/17,54.43
2007/4/18,54.28
2007/4/19,54.17
2007/4/20,54.63
2007/4/21,54.49
2007/4/22,54.49
2007/4/23,54.49
2007/4/24,54.88
2007/4/25,55.37
2007/4/26,55.52
2007/4/27,55.59
2007/4/28,55.02
2007/4/29,55.02
2007/4/30,55.02
2007/5/1,55.18
2007/5/2,55.63
2007/5/3,55.95
2007/5/4,56.1
2007/5/5,56.13
2007/5/6,56.13
2007/5/7,56.13
2007/5/8,56.36
2007/5/9,56.5
2007/5/10,55.82
2007/5/11,56.51
2007/5/12,56.19
2007/5/13,56.19
2007/5/14,56.19
2007/5/15,55.78
2007/5/16,56.28
2007/5/17,56.22
2007/5/18,56.52
2007/5/19,56.83
2007/5/20,56.83
2007/5/21,56.83
2007/5/22,57.05
2007/5/23,56.64
2007/5/24,55.53
2007/5/25,56.15
2007/5/26,56.47
2007/5/27,56.47
2007/5/28,56.47
2007/5/29,56.47
2007/5/30,56.94
2007/5/31,57.28
2007/6/1,57.4
2007/6/2,57.56
2007/6/3,57.56
2007/6/4,57.56
2007/6/5,57.42
2007/6/6,56.94
2007/6/7,55.98
2007/6/8,56.8
2007/6/9,56.64
2007/6/10,56.64
2007/6/11,56.64
2007/6/12,56.19
2007/6/13,56.87
2007/6/14,57.33
2007/6/15,57.88
2007/6/16,58.02
2007/6/17,58.02
2007/6/18,58.02
2007/6/19,58.02
2007/6/20,57.44
2007/6/21,58.13
2007/6/22,57.51
2007/6/23,57.22
2007/6/24,57.22
2007/6/25,57.22
2007/6/26,57.1
2007/6/27,57.8
2007/6/28,57.84
2007/6/29,57.55
2007/6/30,58.01
2007/7/1,58.01
2007/7/2,58.01
2007/7/3,58.42
2007/7/4,58.8
2007/7/5,58.8
2007/7/6,58.98
2007/7/7,59.01
2007/7/8,59.01
2007/7/9,59.01
2007/7/10,58.54
2007/7/11,58.85
2007/7/12,60.05
2007/7/13,60.02
2007/7/14,60.13
2007/7/15,60.13
2007/7/16,60.13
2007/7/17,60.54
2007/7/18,60.1
2007/7/19,60.94
2007/7/20,60.27
2007/7/21,60.43
2007/7/22,60.43
2007/7/23,60.43
2007/7/24,59.53
2007/7/25,59.48
2007/7/26,58.69
2007/7/27,57.67
2007/7/28,58.02
2007/7/29,58.02
2007/7/30,58.02
2007/7/31,57.13
2007/8/1,57.62
2007/8/2,58.01
2007/8/3,56.72
2007/8/4,57.33
2007/8/5,57.33
2007/8/6,57.33
2007/8/7,57.33
2007/8/8,58.38
2007/8/9,57.1
2007/8/10,56.99
2007/8/11,57.42
2007/8/12,57.42
2007/8/13,57.42
2007/8/14,56.33
2007/8/15,55.24
2007/8/16,54.98
2007/8/17,55.81
2007/8/18,56.19
2007/8/19,56.19
2007/8/20,56.19
2007/8/21,56.34
2007/8/22,56.92
2007/8/23,56.98
2007/8/24,57.63
2007/8/25,57.49
2007/8/26,57.49
2007/8/27,57.49
2007/8/28,56.3
2007/8/29,57.64
2007/8/30,57.73
2007/8/31,58.52
2007/9/1,59.4
2007/9/2,59.4
2007/9/3,59.4
2007/9/4,59.4
2007/9/5,58.9
2007/9/6,59.07
2007/9/7,57.92
2007/9/8,57.89
2007/9/9,57.89
2007/9/10,57.89
2007/9/11,58.63
2007/9/12,58.3
2007/9/13,58.49
2007/9/14,58.17
2007/9/15,57.98
2007/9/16,57.98
2007/9/17,57.98
2007/9/18,59.19
2007/9/19,59.44
2007/9/20,59.59
2007/9/21,60.05
2007/9/22,59.92
2007/9/23,59.92
2007/9/24,59.92
2007/9/25,60.5
2007/9/26,60.65
2007/9/27,60.7
2007/9/28,60.76
2007/9/29,61.52
2007/9/30,61.52
2007/10/1,61.52
2007/10/2,61.62
2007/10/3,61.06
2007/10/4,61.02
2007/10/5,61.82
2007/10/6,62.24
2007/10/7,62.24
2007/10/8,62.24
2007/10/9,62.58
2007/10/10,62.79
2007/10/11,61.97
2007/10/12,62.68
2007/10/13,62.34
2007/10/14,62.34
2007/10/15,62.34
2007/10/16,61.96
2007/10/17,62.73
2007/10/18,62.94
2007/10/19,61.36
2007/10/20,61.93
2007/10/21,61.93
2007/10/22,61.93
2007/10/23,62.73
2007/10/24,61.99
2007/10/25,61.72
2007/10/26,63.06
2007/10/27,63.27
2007/10/28,63.27
2007/10/29,63.27
2007/10/30,63.5
2007/10/31,64.7
2007/11/1,63.63
2007/11/2,64.08
2007/11/3,63.78
2007/11/4,63.78
2007/11/5,63.78
2007/11/6,64.47
2007/11/7,62.83
2007/11/8,60.65
2007/11/9,58.83
2007/11/10,58.01
2007/11/11,58.01
2007/11/12,58.01
2007/11/13,60.1
2007/11/14,59.24
2007/11/15,58.9
2007/11/16,59.51
2007/11/17,58.6
2007/11/18,58.6
2007/11/19,58.6
2007/11/20,58.75
2007/11/21,57.94
2007/11/22,58.61
2007/11/23,58.61
2007/11/24,57.32
2007/11/25,57.32
2007/11/26,57.32
2007/11/27,58.18
2007/11/28,60
2007/11/29,60.15
2007/11/30,59.61
2007/12/1,59.1
2007/12/2,59.1
2007/12/3,59.1
2007/12/4,58.71
2007/12/5,60.36
2007/12/6,61.2
2007/12/7,61.3
2007/12/8,61.46
2007/12/9,61.46
2007/12/10,61.46
2007/12/11,60.23
2007/12/12,60.7
2007/12/13,61.17
2007/12/14,60.03
2007/12/15,58.8
2007/12/16,58.8
2007/12/17,58.8
2007/12/18,59.02
2007/12/19,59.23
2007/12/20,60.12
2007/12/21,61.15
2007/12/22,61.75
2007/12/23,61.75
2007/12/24,61.75
2007/12/25,61.91
2007/12/26,61.91
2007/12/27,60.97
2007/12/28,60.82
2007/12/29,60.15
2007/12/30,60.15
2007/12/31,60.15
2008/1/1,58.97
2008/1/2,58.97
2008/1/3,58.73
2008/1/4,56.16
2008/1/5,55.71
2008/1/6,55.71
2008/1/7,55.71
2008/1/8,54.13
2008/1/9,55.15
2008/1/10,55.33
2008/1/11,54.28
2008/1/12,55.38
2008/1/13,55.38
2008/1/14,55.38
2008/1/15,54.17
2008/1/16,53.3
2008/1/17,52.22
2008/1/18,52.36
2008/1/19,51.01
2008/1/20,51.01
2008/1/21,51.01
2008/1/22,51.01
2008/1/23,50.95
2008/1/24,52.11
2008/1/25,51.72
2008/1/26,51.98
2008/1/27,51.98
2008/1/28,51.98
2008/1/29,52.01
2008/1/30,51.86
2008/1/31,52.66
2008/2/1,53.27
2008/2/2,52.52
2008/2/3,52.52
2008/2/4,52.52
2008/2/5,50.77
2008/2/6,50.21
2008/2/7,50.17
2008/2/8,50.78
2008/2/9,51.29
2008/2/10,51.29
2008/2/11,51.29
2008/2/12,51.23
2008/2/13,52.47
2008/2/14,51.44
2008/2/15,51.05
2008/2/16,50.73
2008/2/17,50.73
2008/2/18,50.73
2008/2/19,50.73
2008/2/20,51.45
2008/2/21,51.01
2008/2/22,50.78
2008/2/23,51.48
2008/2/24,51.48
2008/2/25,51.48
2008/2/26,52.16
2008/2/27,52.4
2008/2/28,51.85
2008/2/29,50.62
2008/3/1,50.34
2008/3/2,50.34
2008/3/3,50.34
2008/3/4,50.52
2008/3/5,50.88
2008/3/6,49.94
2008/3/7,49.92
2008/3/8,49.35
2008/3/9,49.35
2008/3/10,49.35
2008/3/11,51.03
2008/3/12,50.8
2008/3/13,50.97
2008/3/14,49.91
2008/3/15,49.49
2008/3/16,49.49
2008/3/17,49.49
2008/3/18,51.52
2008/3/19,50.17
2008/3/20,51.01
2008/3/21,52.44
2008/3/22,52.44
2008/3/23,52.44
2008/3/24,52.44
2008/3/25,52.56
2008/3/26,52.05
2008/3/27,50.91
2008/3/28,50.65
2008/3/29,50.97
2008/3/30,50.97
2008/3/31,50.97
2008/4/1,52.69
2008/4/2,52.58
2008/4/3,52.69
2008/4/4,52.83
2008/4/5,52.63
2008/4/6,52.63
2008/4/7,52.63
2008/4/8,52.14
2008/4/9,51.97
2008/4/10,52.72
2008/4/11,51.29
2008/4/12,50.98
2008/4/13,50.98
2008/4/14,50.98
2008/4/15,51.05
2008/4/16,52.52
2008/4/17,52.64
2008/4/18,54.23
2008/4/19,54.63
2008/4/20,54.63
2008/4/21,54.63
2008/4/22,53.97
2008/4/23,54.63
2008/4/24,55.35
2008/4/25,54.87
2008/4/26,54.66
2008/4/27,54.66
2008/4/28,54.66
2008/4/29,55.09
2008/4/30,54.63
2008/5/1,56.33
2008/5/2,56.19
2008/5/3,55.94
2008/5/4,55.94
2008/5/5,55.94
2008/5/6,56.48
2008/5/7,55.74
2008/5/8,56.07
2008/5/9,55.84
2008/5/10,56.52
2008/5/11,56.52
2008/5/12,56.52
2008/5/13,56.53
2008/5/14,56.88
2008/5/15,57.94
2008/5/16,57.98
2008/5/17,57.69
2008/5/18,57.69
2008/5/19,57.69
2008/5/20,56.94
2008/5/21,55.95
2008/5/22,56.18
2008/5/23,55.84
2008/5/24,56.87
2008/5/25,56.87
2008/5/26,56.87
2008/5/27,56.87
2008/5/28,57.16
2008/5/29,57.63
2008/5/30,57.99
2008/5/31,57.22
2008/6/1,57.22
2008/6/2,57.22
2008/6/3,57.03
2008/6/4,57.54
2008/6/5,58.49
2008/6/6,56.93
2008/6/7,56.77
2008/6/8,56.77
2008/6/9,56.77
2008/6/10,56.47
2008/6/11,55.13
2008/6/12,55.56
2008/6/13,56.66
2008/6/14,56.94
2008/6/15,56.94
2008/6/16,56.94
2008/6/17,56.59
2008/6/18,55.95
2008/6/19,56.63
2008/6/20,55.27
2008/6/21,54.87
2008/6/22,54.87
2008/6/23,54.87
2008/6/24,54.58
2008/6/25,55.42
2008/6/26,53.49
2008/6/27,53.28
2008/6/28,52.74
2008/6/29,52.74
2008/6/30,52.74
2008/7/1,52.94
2008/7/2,51.94
2008/7/3,51.89
2008/7/4,52.08
2008/7/5,52.08
2008/7/6,52.08
2008/7/7,52.08
2008/7/8,52.69
2008/7/9,51.07
2008/7/10,51.7
2008/7/11,51.31
2008/7/12,50.66
2008/7/13,50.66
2008/7/14,50.66
2008/7/15,50.78
2008/7/16,51.97
2008/7/17,52.79
2008/7/18,52.08
2008/7/19,51.73
2008/7/20,51.73
2008/7/21,51.73
2008/7/22,51.76
2008/7/23,52.48
2008/7/24,51.45
2008/7/25,52.15
2008/7/26,51.15
2008/7/27,51.15
2008/7/28,51.15
2008/7/29,52.18
2008/7/30,52.42
2008/7/31,52.05
2008/8/1,51.8
2008/8/2,51.57
2008/8/3,51.57
2008/8/4,51.57
2008/8/5,52.91
2008/8/6,53.63
2008/8/7,53.6
2008/8/8,54.7
2008/8/9,55.15
2008/8/10,55.15
2008/8/11,55.15
2008/8/12,55.12
2008/8/13,55.08
2008/8/14,55.44
2008/8/15,55.44
2008/8/16,54.78
2008/8/17,54.78
2008/8/18,54.78
2008/8/19,54.01
2008/8/20,54.16
2008/8/21,53.94
2008/8/22,54.73
2008/8/23,53.77
2008/8/24,53.77
2008/8/25,53.77
2008/8/26,53.55
2008/8/27,54.01
2008/8/28,54.52
2008/8/29,53.35
2008/8/30,52.7
2008/8/31,52.7
2008/9/1,52.7
2008/9/2,52.7
2008/9/3,51.79
2008/9/4,50.35
2008/9/5,49.99
2008/9/6,50.3
2008/9/7,50.3
2008/9/8,50.3
2008/9/9,49.15
2008/9/10,49.52
2008/9/11,50.06
2008/9/12,50.08
2008/9/13,48.34
2008/9/14,48.34
2008/9/15,48.34
2008/9/16,48.45
2008/9/17,46.26
2008/9/18,47.9
2008/9/19,54.02
2008/9/20,47.73
2008/9/21,47.73
2008/9/22,47.73
2008/9/23,47.37
2008/9/24,47.56
2008/9/25,48.41
2008/9/26,48.54
2008/9/27,44.7
2008/9/28,44.7
2008/9/29,44.7
2008/9/30,46.6
2008/10/1,45.59
2008/10/2,43.44
2008/10/3,42.92
2008/10/4,41.34
2008/10/5,41.34
2008/10/6,41.34
2008/10/7,38.78
2008/10/8,38.43
2008/10/9,37.29
2008/10/10,36.99
2008/10/11,41.15
2008/10/12,41.15
2008/10/13,41.15
2008/10/14,39.63
2008/10/15,36.48
2008/10/16,38.23
2008/10/17,38.17
2008/10/18,39.4
2008/10/19,39.4
2008/10/20,39.4
2008/10/21,37.27
2008/10/22,35.81
2008/10/23,35.45
2008/10/24,34.46
2008/10/25,33.6
2008/10/26,33.6
2008/10/27,33.6
2008/10/28,37.13
2008/10/29,36.61
2008/10/30,37.8
2008/10/31,38.02
2008/11/1,37.78
2008/11/2,37.78
2008/11/3,37.78
2008/11/4,39.05
2008/11/5,36.95
2008/11/6,35.09
2008/11/7,35.88
2008/11/8,35.22
2008/11/9,35.22
2008/11/10,35.22
2008/11/11,34.45
2008/11/12,32.77
2008/11/13,34.72
2008/11/14,32.88
2008/11/15,32.09
2008/11/16,32.09
2008/11/17,32.09
2008/11/18,32.41
2008/11/19,30.72
2008/11/20,29.32
2008/11/21,30.75
2008/11/22,32.52
2008/11/23,32.52
2008/11/24,32.52
2008/11/25,32.35
2008/11/26,33.68
2008/11/27,33.65
2008/11/28,33.65
2008/11/29,31.21
2008/11/30,31.21
2008/12/1,31.21
2008/12/2,32.22
2008/12/3,32.95
2008/12/4,31.73
2008/12/5,32.88
2008/12/6,34.47
2008/12/7,34.47
2008/12/8,34.47
2008/12/9,34.37
2008/12/10,34.52
2008/12/11,33.45
2008/12/12,34.19
2008/12/13,33.67
2008/12/14,33.67
2008/12/15,33.67
2008/12/16,35.19
2008/12/17,34.9
2008/12/18,34.05
2008/12/19,34.37
2008/12/20,33.32
2008/12/21,33.32
2008/12/22,33.32
2008/12/23,32.99
2008/12/24,33.06
2008/12/25,33.14
2008/12/26,33.14
2008/12/27,32.95
2008/12/28,32.95
2008/12/29,32.95
2008/12/30,33.65
2008/12/31,34.05
2009/1/1,35.4
2009/1/2,35.4
2009/1/3,35.47
2009/1/4,35.47
2009/1/5,35.47
2009/1/6,36.54
2009/1/7,35.3
2009/1/8,35.55
2009/1/9,34.67
2009/1/10,34.13
2009/1/11,34.13
2009/1/12,34.13
2009/1/13,34.09
2009/1/14,32.92
2009/1/15,33.2
2009/1/16,33.46
2009/1/17,31.71
2009/1/18,31.71
2009/1/19,31.71
2009/1/20,31.71
2009/1/21,33.28
2009/1/22,32.55
2009/1/23,32.99
2009/1/24,33.31
2009/1/25,33.31
2009/1/26,33.31
2009/1/27,33.76
2009/1/28,34.83
2009/1/29,33.77
2009/1/30,32.95
2009/1/31,33.34
2009/2/1,33.34
2009/2/2,33.34
2009/2/3,33.83
2009/2/4,34.05
2009/2/5,34.73
2009/2/6,35.94
2009/2/7,36.04
2009/2/8,36.04
2009/2/9,36.04
2009/2/10,34.59
2009/2/11,34.7
2009/2/12,34.92
2009/2/13,34.85
2009/2/14,33.41
2009/2/15,33.41
2009/2/16,33.41
2009/2/17,33.41
2009/2/18,33.44
2009/2/19,32.46
2009/2/20,32.41
2009/2/21,31.13
2009/2/22,31.13
2009/2/23,31.13
2009/2/24,32.06
2009/2/25,32.04
2009/2/26,31.67
2009/2/27,31.63
2009/2/28,30.53
2009/3/1,30.53
2009/3/2,30.53
2009/3/3,30.53
2009/3/4,31.26
2009/3/5,30.27
2009/3/6,29.99
2009/3/7,29.26
2009/3/8,29.26
2009/3/9,29.26
2009/3/10,31.18
2009/3/11,32
2009/3/12,32.91
2009/3/13,32.87
2009/3/14,32.34
2009/3/15,32.34
2009/3/16,32.34
2009/3/17,33.53
2009/3/18,34.13
2009/3/19,34.22
2009/3/20,33.55
2009/3/21,35.63
2009/3/22,35.63
2009/3/23,35.63
2009/3/24,35.07
2009/3/25,35.22
2009/3/26,36.54
2009/3/27,35.59
2009/3/28,34.59
2009/3/29,34.59
2009/3/30,34.59
2009/3/31,35.18
2009/4/1,35.99
2009/4/2,37.1
2009/4/3,37.73
2009/4/4,37.29
2009/4/5,37.29
2009/4/6,37.29
2009/4/7,36.27
2009/4/8,36.94
2009/4/9,38.19
2009/4/10,38.01
2009/4/11,38.01
2009/4/12,38.01
2009/4/13,38.01
2009/4/14,37.61
2009/4/15,37.42
2009/4/16,38.59
2009/4/17,38.59
2009/4/18,37.34
2009/4/19,37.34
2009/4/20,37.34
2009/4/21,38.06
2009/4/22,38.16
2009/4/23,38.31
2009/4/24,39.2
2009/4/25,38.98
2009/4/26,38.98
2009/4/27,38.98
2009/4/28,38.74
2009/4/29,39.58
2009/4/30,39.8
2009/5/1,40.01
2009/5/2,40.83
2009/5/3,40.83
2009/5/4,40.83
2009/5/5,40.66
2009/5/6,40.66
2009/5/7,39.4
2009/5/8,39.49
2009/5/9,39.47
2009/5/10,39.47
2009/5/11,39.47
2009/5/12,39.2
2009/5/13,38.19
2009/5/14,38.66
2009/5/15,38.72
2009/5/16,39.75
2009/5/17,39.75
2009/5/18,39.75
2009/5/19,40.02
2009/5/20,39.77
2009/5/21,39.2
2009/5/22,39.04
2009/5/23,40.3
2009/5/24,40.3
2009/5/25,40.3
2009/5/26,40.3
2009/5/27,39.96
2009/5/28,40.47
2009/5/29,40.94
2009/5/30,42.31
2009/5/31,42.31
2009/6/1,42.31
2009/6/2,42.08
2009/6/3,41.9
2009/6/4,42.5
2009/6/5,42.72
2009/6/6,42.56
2009/6/7,42.56
2009/6/8,42.56
2009/6/9,42.98
2009/6/10,43.01
2009/6/11,43.16
2009/6/12,43.05
2009/6/13,42.4
2009/6/14,42.4
2009/6/15,42.4
2009/6/16,41.88
2009/6/17,42.15
2009/6/18,41.95
2009/6/19,42.43
2009/6/20,41.2
2009/6/21,41.2
2009/6/22,41.2
2009/6/23,41.13
2009/6/24,41.73
2009/6/25,42.48
2009/6/26,42.56
2009/6/27,42.77
2009/6/28,42.77
2009/6/29,42.77
2009/6/30,42.56
2009/7/1,42.84
2009/7/2,41.88
2009/7/3,41.63
2009/7/4,41.63
2009/7/5,41.63
2009/7/6,41.63
2009/7/7,40.6
2009/7/8,40.65
2009/7/9,40.81
2009/7/10,41.01
2009/7/11,41.83
2009/7/12,41.83
2009/7/13,41.83
2009/7/14,41.99
2009/7/15,43.74
2009/7/16,44.49
2009/7/17,44.87
2009/7/18,45.3
2009/7/19,45.3
2009/7/20,45.3
2009/7/21,45.52
2009/7/22,45.78
2009/7/23,46.65
2009/7/24,46.44
2009/7/25,46.34
2009/7/26,46.34
2009/7/27,46.34
2009/7/28,46.48
2009/7/29,46.34
2009/7/30,46.56
2009/7/31,46.49
2009/8/1,47.13
2009/8/2,47.13
2009/8/3,47.13
2009/8/4,47.1
2009/8/5,46.7
2009/8/6,46.38
2009/8/7,46.91
2009/8/8,46.65
2009/8/9,46.65
2009/8/10,46.65
2009/8/11,46.16
2009/8/12,46.95
2009/8/13,47.38
2009/8/14,46.88
2009/8/15,45.66
2009/8/16,45.66
2009/8/17,45.66
2009/8/18,46.34
2009/8/19,46.6
2009/8/20,47.05
2009/8/21,47.74
2009/8/22,47.67
2009/8/23,47.67
2009/8/24,47.67
2009/8/25,47.72
2009/8/26,47.84
2009/8/27,47.98
2009/8/28,48.12
2009/8/29,47.69
2009/8/30,47.69
2009/8/31,47.69
2009/9/1,46.68
2009/9/2,46.7
2009/9/3,47.02
2009/9/4,47.81
2009/9/5,48.21
2009/9/6,48.21
2009/9/7,48.21
2009/9/8,48.21
2009/9/9,48.63
2009/9/10,49.31
2009/9/11,49.23
2009/9/12,49.28
2009/9/13,49.28
2009/9/14,49.28
2009/9/15,49.62
2009/9/16,50.13
2009/9/17,50.02
2009/9/18,50.07
2009/9/19,50.1
2009/9/20,50.1
2009/9/21,50.1
2009/9/22,50.34
2009/9/23,50.16
2009/9/24,49.75
2009/9/25,49.41
2009/9/26,50.3
2009/9/27,50.3
2009/9/28,50.3
2009/9/29,49.91
2009/9/30,49.88
2009/10/1,48.52
2009/10/2,48.3
2009/10/3,48.79
2009/10/4,48.79
2009/10/5,48.79
2009/10/6,49.73
2009/10/7,49.91
2009/10/8,50.12
2009/10/9,50.75
2009/10/10,50.88
2009/10/11,50.88
2009/10/12,50.88
2009/10/13,50.92
2009/10/14,51.66
2009/10/15,51.53
2009/10/16,51.05
2009/10/17,51.55
2009/10/18,51.55
2009/10/19,51.55
2009/10/20,51.48
2009/10/21,51.3
2009/10/22,51.55
2009/10/23,51.32
2009/10/24,51.13
2009/10/25,51.13
2009/10/26,51.13
2009/10/27,50.59
2009/10/28,49.63
2009/10/29,50.59
2009/10/30,49.3
2009/10/31,49.49
2009/11/1,49.49
2009/11/2,49.49
2009/11/3,49.44
2009/11/4,49.78
2009/11/5,50.92
2009/11/6,51.01
2009/11/7,52.09
2009/11/8,52.09
2009/11/9,52.09
2009/11/10,52.05
2009/11/11,52.42
2009/11/12,52.13
2009/11/13,52.58
2009/11/14,53.16
2009/11/15,53.16
2009/11/16,53.16
2009/11/17,53.45
2009/11/18,53.15
2009/11/19,52.27
2009/11/20,51.92
2009/11/21,52.74
2009/11/22,52.74
2009/11/23,52.74
2009/11/24,52.52
2009/11/25,52.62
2009/11/26,51.77
2009/11/27,51.77
2009/11/28,51.88
2009/11/29,51.88
2009/11/30,51.88
2009/12/1,52.63
2009/12/2,52.65
2009/12/3,52.52
2009/12/4,53.05
2009/12/5,52.88
2009/12/6,52.88
2009/12/7,52.88
2009/12/8,52.48
2009/12/9,52.94
2009/12/10,53.1
2009/12/11,52.96
2009/12/12,53.5
2009/12/13,53.5
2009/12/14,53.5
2009/12/15,53.23
2009/12/16,53.52
2009/12/17,52.91
2009/12/18,53.7
2009/12/19,54.27
2009/12/20,54.27
2009/12/21,54.27
2009/12/22,54.33
2009/12/23,54.71
2009/12/24,55.27
2009/12/25,55.32
2009/12/26,55.32
2009/12/27,55.32
2009/12/28,55.32
2009/12/29,55.22
2009/12/30,55.48
2009/12/31,54.92
2010/1/1,55.77
2010/1/2,55.77
2010/1/3,55.77
2010/1/4,55.77
2010/1/5,55.73
2010/1/6,55.32
2010/1/7,55.1
2010/1/8,55.55
2010/1/9,55.31
2010/1/10,55.31
2010/1/11,55.31
2010/1/12,54.6
2010/1/13,55.18
2010/1/14,55.53
2010/1/15,54.8
2010/1/16,55.6
2010/1/17,55.6
2010/1/18,55.6
2010/1/19,55.6
2010/1/20,54.87
2010/1/21,54.34
2010/1/22,52.3
2010/1/23,52.65
2010/1/24,52.65
2010/1/25,52.65
2010/1/26,52.62
2010/1/27,52.94
2010/1/28,51.49
2010/1/29,50.38
2010/1/30,51.15
2010/1/31,51.15
2010/2/1,51.15
2010/2/2,51.59
2010/2/3,51.76
2010/2/4,50.25
2010/2/5,50.71
2010/2/6,50.48
2010/2/7,50.48
2010/2/8,50.48
2010/2/9,50.98
2010/2/10,50.87
2010/2/11,51.54
2010/2/12,51.66
2010/2/13,52.46
2010/2/14,52.46
2010/2/15,52.46
2010/2/16,52.46
2010/2/17,52.7
2010/2/18,53.13
2010/2/19,53.06
2010/2/20,52.98
2010/2/21,52.98
2010/2/22,52.98
2010/2/23,52.23
2010/2/24,52.75
2010/2/25,52.59
2010/2/26,52.66
2010/2/27,53.48
2010/2/28,53.48
2010/3/1,53.48
2010/3/2,53.47
2010/3/3,53.49
2010/3/4,53.72
2010/3/5,54.48
2010/3/6,54.69
2010/3/7,54.69
2010/3/8,54.69
2010/3/9,54.92
2010/3/10,55.3
2010/3/11,55.52
2010/3/12,55.52
2010/3/13,55.34
2010/3/14,55.34
2010/3/15,55.34
2010/3/16,55.75
2010/3/17,56.05
2010/3/18,56.09
2010/3/19,55.57
2010/3/20,56.07
2010/3/21,56.07
2010/3/22,56.07
2010/3/23,56.63
2010/3/24,56.22
2010/3/25,56.3
2010/3/26,56.22
2010/3/27,56.27
2010/3/28,56.27
2010/3/29,56.27
2010/3/30,56.52
2010/3/31,56.17
2010/4/1,56.17
2010/4/2,56.93
2010/4/3,56.93
2010/4/4,56.93
2010/4/5,56.93
2010/4/6,57
2010/4/7,56.88
2010/4/8,56.86
2010/4/9,57.34
2010/4/10,57.56
2010/4/11,57.56
2010/4/12,57.56
2010/4/13,57.73
2010/4/14,58.78
2010/4/15,59.05
2010/4/16,58.3
2010/4/17,58.26
2010/4/18,58.26
2010/4/19,58.26
2010/4/20,58.66
2010/4/21,58.84
2010/4/22,59.08
2010/4/23,59.34
2010/4/24,59.27
2010/4/25,59.27
2010/4/26,59.27
2010/4/27,58.08
2010/4/28,58.16
2010/4/29,58.74
2010/4/30,57.4
2010/5/1,58.18
2010/5/2,58.18
2010/5/3,58.18
2010/5/4,56.45
2010/5/5,56.08
2010/5/6,54.17
2010/5/7,52.91
2010/5/8,55.58
2010/5/9,55.58
2010/5/10,55.58
2010/5/11,55.35
2010/5/12,56.69
2010/5/13,55.95
2010/5/14,54.74
2010/5/15,54.88
2010/5/16,54.88
2010/5/17,54.88
2010/5/18,54.01
2010/5/19,53.59
2010/5/20,51.69
2010/5/21,52.25
2010/5/22,51.93
2010/5/23,51.93
2010/5/24,51.93
2010/5/25,51.81
2010/5/26,51.42
2010/5/27,53.31
2010/5/28,52.75
2010/5/29,52.05
2010/5/30,52.05
2010/5/31,52.05
2010/6/1,52.05
2010/6/2,53.29
2010/6/3,53.95
2010/6/4,52.09
2010/6/5,51.05
2010/6/6,51.05
2010/6/7,51.05
2010/6/8,51.02
2010/6/9,50.7
2010/6/10,52.03
2010/6/11,52.63
2010/6/12,52.52
2010/6/13,52.52
2010/6/14,52.52
2010/6/15,54.07
2010/6/16,54.17
2010/6/17,54.39
2010/6/18,54.44
2010/6/19,54.02
2010/6/20,54.02
2010/6/21,54.02
2010/6/22,53.45
2010/6/23,53.19
2010/6/24,52.2
2010/6/25,52.28
2010/6/26,52.26
2010/6/27,52.26
2010/6/28,52.26
2010/6/29,50.22
2010/6/30,49.48
2010/7/1,49.27
2010/7/2,49.15
2010/7/3,49.34
2010/7/4,49.34
2010/7/5,49.34
2010/7/6,49.34
2010/7/7,51.2
2010/7/8,51.48
2010/7/9,51.86
2010/7/10,52.16
2010/7/11,52.16
2010/7/12,52.16
2010/7/13,53.02
2010/7/14,53.43
2010/7/15,53.41
2010/7/16,51.84
2010/7/17,52.38
2010/7/18,52.38
2010/7/19,52.38
2010/7/20,52.77
2010/7/21,51.97
2010/7/22,53.45
2010/7/23,53.9
2010/7/24,54.35
2010/7/25,54.35
2010/7/26,54.35
2010/7/27,54.35
2010/7/28,53.74
2010/7/29,53.22
2010/7/30,53.02
2010/7/31,54.03
2010/8/1,54.03
2010/8/2,54.03
2010/8/3,53.77
2010/8/4,54.2
2010/8/5,53.95
2010/8/6,53.81
2010/8/7,54.13
2010/8/8,54.13
2010/8/9,54.13
2010/8/10,53.4
2010/8/11,51.96
2010/8/12,51.07
2010/8/13,50.73
2010/8/14,50.92
2010/8/15,50.92
2010/8/16,50.92
2010/8/17,51.58
2010/8/18,51.83
2010/8/19,51.15
2010/8/20,51.15
2010/8/21,50.67
2010/8/22,50.67
2010/8/23,50.67
2010/8/24,49.84
2010/8/25,50.17
2010/8/26,49.65
2010/8/27,50.34
2010/8/28,49.7
2010/8/29,49.7
2010/8/30,49.7
2010/8/31,49.36
2010/9/1,50.74
2010/9/2,51.26
2010/9/3,52.14
2010/9/4,51.63
2010/9/5,51.63
2010/9/6,51.63
2010/9/7,51.63
2010/9/8,51.83
2010/9/9,51.92
2010/9/10,51.9
2010/9/11,53.02
2010/9/12,53.02
2010/9/13,53.02
2010/9/14,53.3
2010/9/15,53.59
2010/9/16,53.9
2010/9/17,54.13
2010/9/18,54.99
2010/9/19,54.99
2010/9/20,54.99
2010/9/21,54.92
2010/9/22,54.56
2010/9/23,54.58
2010/9/24,55.77
2010/9/25,55.7
2010/9/26,55.7
2010/9/27,55.7
2010/9/28,55.83
2010/9/29,55.88
2010/9/30,55.61
2010/10/1,55.57
2010/10/2,54.95
2010/10/3,54.95
2010/10/4,54.95
2010/10/5,56.15
2010/10/6,55.68
2010/10/7,55.84
2010/10/8,56.22
2010/10/9,56.27
2010/10/10,56.27
2010/10/11,56.27
2010/10/12,56.69
2010/10/13,57.24
2010/10/14,57.24
2010/10/15,58.27
2010/10/16,58.52
2010/10/17,58.52
2010/10/18,58.52
2010/10/19,57.51
2010/10/20,57.92
2010/10/21,57.98
2010/10/22,58.4
2010/10/23,58.7
2010/10/24,58.7
2010/10/25,58.7
2010/10/26,58.73
2010/10/27,59.06
2010/10/28,59.07
2010/10/29,59.2
2010/10/30,59.21
2010/10/31,59.21
2010/11/1,59.21
2010/11/2,59.8
2010/11/3,60.15
2010/11/4,61.09
2010/11/5,61.13
2010/11/6,61.25
2010/11/7,61.25
2010/11/8,61.25
2010/11/9,60.97
2010/11/10,61.16
2010/11/11,60.19
2010/11/12,59.35
2010/11/13,59.12
2010/11/14,59.12
2010/11/15,59.12
2010/11/16,58.08
2010/11/17,58.07
2010/11/18,59.13
2010/11/19,59.33
2010/11/20,59.72
2010/11/21,59.72
2010/11/22,59.72
2010/11/23,58.89
2010/11/24,59.97
2010/11/25,59.73
2010/11/26,59.73
2010/11/27,59.34
2010/11/28,59.34
2010/11/29,59.34
2010/11/30,58.6
2010/12/1,59.91
2010/12/2,60.69
2010/12/3,60.94
2010/12/4,61.02
2010/12/5,61.02
2010/12/6,61.02
2010/12/7,61.02
2010/12/8,61.53
2010/12/9,61.55
2010/12/10,61.94
2010/12/11,61.72
2010/12/12,61.72
2010/12/13,61.72
2010/12/14,61.66
2010/12/15,61.35
2010/12/16,61.58
2010/12/17,61.76
2010/12/18,61.7
2010/12/19,61.7
2010/12/20,61.7
2010/12/21,62.09
2010/12/22,61.7
2010/12/23,61.61
2010/12/24,61.76
2010/12/25,61.76
2010/12/26,61.76
2010/12/27,61.76
2010/12/28,61.69
2010/12/29,61.78
2010/12/30,61.7
2010/12/31,61.52
2011/1/1,62.24
2011/1/2,62.24
2011/1/3,62.24
2011/1/4,62.3
2011/1/5,62.73
2011/1/6,63.29
2011/1/7,63.13
2011/1/8,63.3
2011/1/9,63.3
2011/1/10,63.3
2011/1/11,63.45
2011/1/12,64.01
2011/1/13,63.96
2011/1/14,64.56
2011/1/15,64.83
2011/1/16,64.83
2011/1/17,64.83
2011/1/18,64.83
2011/1/19,64.18
2011/1/20,63.63
2011/1/21,63.22
2011/1/22,64.13
2011/1/23,64.13
2011/1/24,64.13
2011/1/25,64.26
2011/1/26,64.7
2011/1/27,64.99
2011/1/28,63.56
2011/1/29,63.94
2011/1/30,63.94
2011/1/31,63.94
2011/2/1,65.14
2011/2/2,65.39
2011/2/3,65.45
2011/2/4,65.98
2011/2/5,66.38
2011/2/6,66.38
2011/2/7,66.38
2011/2/8,66.64
2011/2/9,66.45
2011/2/10,66.22
2011/2/11,66.55
2011/2/12,66.74
2011/2/13,66.74
2011/2/14,66.74
2011/2/15,66.39
2011/2/16,66.9
2011/2/17,67.05
2011/2/18,66.97
2011/2/19,65.17
2011/2/20,65.17
2011/2/21,65.17
2011/2/22,65.17
2011/2/23,64.22
2011/2/24,64.53
2011/2/25,65.48
2011/2/26,65.5
2011/2/27,65.5
2011/2/28,65.5
2011/3/1,64.33
2011/3/2,64.68
2011/3/3,65.86
2011/3/4,65.42
2011/3/5,64.43
2011/3/6,64.43
2011/3/7,64.43
2011/3/8,64.91
2011/3/9,64.38
2011/3/10,63.07
2011/3/11,63.42
2011/3/12,63.15
2011/3/13,63.15
2011/3/14,63.15
2011/3/15,62.25
2011/3/16,60.73
2011/3/17,61.19
2011/3/18,61.33
2011/3/19,62.55
2011/3/20,62.55
2011/3/21,62.55
2011/3/22,62.36
2011/3/23,62.72
2011/3/24,63.74
2011/3/25,63.95
2011/3/26,63.63
2011/3/27,63.63
2011/3/28,63.63
2011/3/29,64.04
2011/3/30,64.28
2011/3/31,64.2
2011/4/1,64.04
2011/4/2,63.77
2011/4/3,63.77
2011/4/4,63.77
2011/4/5,63.82
2011/4/6,64.2
2011/4/7,64.17
2011/4/8,63.8
2011/4/9,63.65
2011/4/10,63.65
2011/4/11,63.65
2011/4/12,63.03
2011/4/13,63.52
2011/4/14,63.37
2011/4/15,63.19
2011/4/16,62.62
2011/4/17,62.62
2011/4/18,62.62
2011/4/19,62.85
2011/4/20,64.4
2011/4/21,64.98
2011/4/22,65.13
2011/4/23,65.13
2011/4/24,65.13
2011/4/25,65.13
2011/4/26,65.63
2011/4/27,65.95
2011/4/28,65.94
2011/4/29,66.06
2011/4/30,65.75
2011/5/1,65.75
2011/5/2,65.75
2011/5/3,65.42
2011/5/4,65.23
2011/5/5,64.98
2011/5/6,65.24
2011/5/7,65.48
2011/5/8,65.48
2011/5/9,65.48
2011/5/10,66.09
2011/5/11,65.53
2011/5/12,65.98
2011/5/13,65.18
2011/5/14,64.11
2011/5/15,64.11
2011/5/16,64.11
2011/5/17,63.95
2011/5/18,64.58
2011/5/19,64.66
2011/5/20,64.3
2011/5/21,63.2
2011/5/22,63.2
2011/5/23,63.2
2011/5/24,62.88
2011/5/25,63.27
2011/5/26,63.69
2011/5/27,64.04
2011/5/28,64.97
2011/5/29,64.97
2011/5/30,64.97
2011/5/31,64.97
2011/6/1,63.56
2011/6/2,63.63
2011/6/3,62.68
2011/6/4,62.13
2011/6/5,62.13
2011/6/6,62.13
2011/6/7,62.02
2011/6/8,61.4
2011/6/9,61.51
2011/6/10,60.62
2011/6/11,60.51
2011/6/12,60.51
2011/6/13,60.51
2011/6/14,61.34
2011/6/15,60.25
2011/6/16,59.92
2011/6/17,59.74
2011/6/18,59.97
2011/6/19,59.97
2011/6/20,59.97
2011/6/21,61.23
2011/6/22,60.82
2011/6/23,61.41
2011/6/24,60.38
2011/6/25,61.16
2011/6/26,61.16
2011/6/27,61.16
2011/6/28,62.02
2011/6/29,62.46
2011/6/30,63.32
2011/7/1,64.39
2011/7/2,64.52
2011/7/3,64.52
2011/7/4,64.52
2011/7/5,64.52
2011/7/6,64.78
2011/7/7,65.7
2011/7/8,65.36
2011/7/9,64.12
2011/7/10,64.12
2011/7/11,64.12
2011/7/12,63.42
2011/7/13,63.58
2011/7/14,62.94
2011/7/15,63.73
2011/7/16,63.37
2011/7/17,63.37
2011/7/18,63.37
2011/7/19,65.06
2011/7/20,64.78
2011/7/21,65.01
2011/7/22,65.8
2011/7/23,65.61
2011/7/24,65.61
2011/7/25,65.61
2011/7/26,65.83
2011/7/27,63.84
2011/7/28,63.84
2011/7/29,63.3
2011/7/30,63.07
2011/7/31,63.07
2011/8/1,63.07
2011/8/2,61.63
2011/8/3,62.48
2011/8/4,59.57
2011/8/5,59.04
2011/8/6,55.48
2011/8/7,55.48
2011/8/8,55.48
2011/8/9,57.98
2011/8/10,55.73
2011/8/11,58.15
2011/8/12,58.66
2011/8/13,59.76
2011/8/14,59.76
2011/8/15,59.76
2011/8/16,59.08
2011/8/17,58.55
2011/8/18,55.35
2011/8/19,53.88
2011/8/20,54.17
2011/8/21,54.17
2011/8/22,54.17
2011/8/23,56.41
2011/8/24,56.87
2011/8/25,55.94
2011/8/26,57.24
2011/8/27,58.98
2011/8/28,58.98
2011/8/29,58.98
2011/8/30,59.18
2011/8/31,59.19
2011/9/1,58.48
2011/9/2,56.97
2011/9/3,56.7
2011/9/4,56.7
2011/9/5,56.7
2011/9/6,56.7
2011/9/7,58.3
2011/9/8,57.99
2011/9/9,56.67
2011/9/10,57.36
2011/9/11,57.36
2011/9/12,57.36
2011/9/13,58.19
2011/9/14,59.22
2011/9/15,60.21
2011/9/16,60.67
2011/9/17,60.59
2011/9/18,60.59
2011/9/19,60.59
2011/9/20,60.22
2011/9/21,59.39
2011/9/22,57.48
2011/9/23,58.09
2011/9/24,58.82
2011/9/25,58.82
2011/9/26,58.82
2011/9/27,59.59
2011/9/28,58.58
2011/9/29,58.36
2011/9/30,56.76
2011/10/1,55.27
2011/10/2,55.27
2011/10/3,55.27
2011/10/4,56.69
2011/10/5,58.02
2011/10/6,59.13
2011/10/7,58.73
2011/10/8,60.72
2011/10/9,60.72
2011/10/10,60.72
2011/10/11,61.08
2011/10/12,61.52
2011/10/13,62.16
2011/10/14,63.42
2011/10/15,62.22
2011/10/16,62.22
2011/10/17,62.22
2011/10/18,62.91
2011/10/19,61.51
2011/10/20,61.21
2011/10/21,62.08
2011/10/22,63.48
2011/10/23,63.48
2011/10/24,63.48
2011/10/25,62.37
2011/10/26,62.69
2011/10/27,64.75
2011/10/28,64.95
2011/10/29,63.72
2011/10/30,63.72
2011/10/31,63.72
2011/11/1,61.84
2011/11/2,62.65
2011/11/3,64.23
2011/11/4,64.01
2011/11/5,64.28
2011/11/6,64.28
2011/11/7,64.28
2011/11/8,65.05
2011/11/9,62.59
2011/11/10,62.69
2011/11/11,64.01
2011/11/12,63.62
2011/11/13,63.62
2011/11/14,63.62
2011/11/15,64.47
2011/11/16,63.52
2011/11/17,62.06
2011/11/18,61.63
2011/11/19,60.43
2011/11/20,60.43
2011/11/21,60.43
2011/11/22,60.23
2011/11/23,58.71
2011/11/24,58.33
2011/11/25,58.33
2011/11/26,60.42
2011/11/27,60.42
2011/11/28,60.42
2011/11/29,60.03
2011/11/30,62.49
2011/12/1,62.8
2011/12/2,62.77
2011/12/3,63.61
2011/12/4,63.61
2011/12/5,63.61
2011/12/6,63.56
2011/12/7,63.58
2011/12/8,62.55
2011/12/9,63.64
2011/12/10,62.7
2011/12/11,62.7
2011/12/12,62.7
2011/12/13,61.97
2011/12/14,60.9
2011/12/15,60.75
2011/12/16,60.92
2011/12/17,60.15
2011/12/18,60.15
2011/12/19,60.15
2011/12/20,62.03
2011/12/21,60.41
2011/12/22,61.09
2011/12/23,61.68
2011/12/24,61.78
2011/12/25,61.78
2011/12/26,61.78
2011/12/27,61.78
2011/12/28,61.05
2011/12/29,61.59
2011/12/30,61.35
2011/12/31,62.24
2012/1/1,62.24
2012/1/2,62.24
2012/1/3,62.24
2012/1/4,62.31
2012/1/5,62.74
2012/1/6,62.77
2012/1/7,62.76
2012/1/8,62.76
2012/1/9,62.76
2012/1/10,63.09
2012/1/11,63.31
2012/1/12,63.59
2012/1/13,63.09
2012/1/14,63.45
2012/1/15,63.45
2012/1/16,63.45
2012/1/17,63.45
2012/1/18,64.6
2012/1/19,65.16
2012/1/20,65.33
2012/1/21,65.53
2012/1/22,65.53
2012/1/23,65.53
2012/1/24,65.66
2012/1/25,66.22
2012/1/26,65.88
2012/1/27,66.01
2012/1/28,66.1
2012/1/29,66.1
2012/1/30,66.1
2012/1/31,66.22
2012/2/1,67.02
2012/2/2,67.23
2012/2/3,68.28
2012/2/4,68.26
2012/2/5,68.26
2012/2/6,68.26
2012/2/7,68.42
2012/2/8,68.88
2012/2/9,69.48
2012/2/10,68.88
2012/2/11,69.34
2012/2/12,69.34
2012/2/13,69.34
2012/2/14,69.49
2012/2/15,69.16
2012/2/16,70.28
2012/2/17,70.19
2012/2/18,70.35
2012/2/19,70.35
2012/2/20,70.35
2012/2/21,70.35
2012/2/22,70.01
2012/2/23,70.4
2012/2/24,70.72
2012/2/25,70.81
2012/2/26,70.81
2012/2/27,70.81
2012/2/28,71.31
2012/2/29,70.85
2012/3/1,71.33
2012/3/2,71.06
2012/3/3,70.33
2012/3/4,70.33
2012/3/5,70.33
2012/3/6,69.46
2012/3/7,70.04
2012/3/8,70.88
2012/3/9,71.23
2012/3/10,71.31
2012/3/11,71.31
2012/3/12,71.31
2012/3/13,72.74
2012/3/14,73.05
2012/3/15,73.36
2012/3/16,73.31
2012/3/17,73.85
2012/3/18,73.85
2012/3/19,73.85
2012/3/20,73.72
2012/3/21,73.71
2012/3/22,73.48
2012/3/23,73.55
2012/3/24,74.78
2012/3/25,74.78
2012/3/26,74.78
2012/3/27,74.79
2012/3/28,74.5
2012/3/29,74.36
2012/3/30,74.18
2012/3/31,74.92
2012/4/1,74.92
2012/4/2,74.92
2012/4/3,74.78
2012/4/4,73.7
2012/4/5,73.89
2012/4/6,73.38
2012/4/7,73.38
2012/4/8,73.38
2012/4/9,73.38
2012/4/10,72.25
2012/4/11,72.69
2012/4/12,73.7
2012/4/13,72.56
2012/4/14,71.83
2012/4/15,71.83
2012/4/16,71.83
2012/4/17,73.42
2012/4/18,72.87
2012/4/19,72
2012/4/20,71.57
2012/4/21,70.93
2012/4/22,70.93
2012/4/23,70.93
2012/4/24,70.53
2012/4/25,72.67
2012/4/26,73.24
2012/4/27,73.33
2012/4/28,72.68
2012/4/29,72.68
2012/4/30,72.68
2012/5/1,72.91
2012/5/2,72.99
2012/5/3,72.08
2012/5/4,70.58
2012/5/5,70.32
2012/5/6,70.32
2012/5/7,70.32
2012/5/8,69.97
2012/5/9,69.89
2012/5/10,69.38
2012/5/11,69.36
2012/5/12,68.67
2012/5/13,68.67
2012/5/14,68.67
2012/5/15,68.47
2012/5/16,67.89
2012/5/17,66.67
2012/5/18,65.76
2012/5/19,67.64
2012/5/20,67.64
2012/5/21,67.64
2012/5/22,67.43
2012/5/23,67.58
2012/5/24,67.01
2012/5/25,66.92
2012/5/26,67.81
2012/5/27,67.81
2012/5/28,67.81
2012/5/29,67.81
2012/5/30,67.23
2012/5/31,66.81
2012/6/1,64.91
2012/6/2,65.11
2012/6/3,65.11
2012/6/4,65.11
2012/6/5,65.69
2012/6/6,67.39
2012/6/7,67.08
2012/6/8,67.71
2012/6/9,66.47
2012/6/10,66.47
2012/6/11,66.47
2012/6/12,67.19
2012/6/13,66.71
2012/6/14,66.86
2012/6/15,67.81
2012/6/16,68.33
2012/6/17,68.33
2012/6/18,68.33
2012/6/19,69.03
2012/6/20,69.17
2012/6/21,67.34
2012/6/22,68.14
2012/6/23,66.67
2012/6/24,66.67
2012/6/25,66.67
2012/6/26,66.87
2012/6/27,67.29
2012/6/28,66.55
2012/6/29,68.72
2012/6/30,68.97
2012/7/1,68.97
2012/7/2,68.97
2012/7/3,69.63
2012/7/4,69.81
2012/7/5,69.81
2012/7/6,68.45
2012/7/7,68.15
2012/7/8,68.15
2012/7/9,68.15
2012/7/10,67.32
2012/7/11,66.94
2012/7/12,66.25
2012/7/13,67.17
2012/7/14,66.94
2012/7/15,66.94
2012/7/16,66.94
2012/7/17,67.02
2012/7/18,68.36
2012/7/19,69.27
2012/7/20,68.34
2012/7/21,67.58
2012/7/22,67.58
2012/7/23,67.58
2012/7/24,66.9
2012/7/25,66.63
2012/7/26,67.54
2012/7/27,69.05
2012/7/28,68.98
2012/7/29,68.98
2012/7/30,68.98
2012/7/31,69.11
2012/8/1,68.72
2012/8/2,68.42
2012/8/3,69.88
2012/8/4,70.44
2012/8/5,70.44
2012/8/6,70.44
2012/8/7,71.11
2012/8/8,71.19
2012/8/9,71.47
2012/8/10,71.66
2012/8/11,71.78
2012/8/12,71.78
2012/8/13,71.78
2012/8/14,71.56
2012/8/15,71.74
2012/8/16,72.81
2012/8/17,73.28
2012/8/18,73.4
2012/8/19,73.4
2012/8/20,73.4
2012/8/21,72.99
2012/8/22,73.12
2012/8/23,72.5
2012/8/24,72.77
2012/8/25,72.88
2012/8/26,72.88
2012/8/27,72.88
2012/8/28,72.88
2012/8/29,73.02
2012/8/30,72.08
2012/8/31,72.61
2012/9/1,72.69
2012/9/2,72.69
2012/9/3,72.69
2012/9/4,72.69
2012/9/5,72.56
2012/9/6,74.31
2012/9/7,74.27
2012/9/8,73.37
2012/9/9,73.37
2012/9/10,73.37
2012/9/11,73.53
2012/9/12,73.8
2012/9/13,74.83
2012/9/14,75.55
2012/9/15,75.45
2012/9/16,75.45
2012/9/17,75.45
2012/9/18,75.47
2012/9/19,75.45
2012/9/20,75.16
2012/9/21,75.23
2012/9/22,74.59
2012/9/23,74.59
2012/9/24,74.59
2012/9/25,73.39
2012/9/26,72.78
2012/9/27,73.91
2012/9/28,73.39
2012/9/29,73.16
2012/9/30,73.16
2012/10/1,73.16
2012/10/2,73.31
2012/10/3,73.58
2012/10/4,73.75
2012/10/5,73.28
2012/10/6,72.48
2012/10/7,72.48
2012/10/8,72.48
2012/10/9,71.54
2012/10/10,71.17
2012/10/11,71.04
2012/10/12,71.11
2012/10/13,71.56
2012/10/14,71.56
2012/10/15,71.56
2012/10/16,72.69
2012/10/17,72.19
2012/10/18,71.16
2012/10/19,69.53
2012/10/20,70.06
2012/10/21,70.06
2012/10/22,70.06
2012/10/23,69.4
2012/10/24,69.03
2012/10/25,68.89
2012/10/26,68.92
2012/10/27,68.92
2012/10/28,68.92
2012/10/29,68.92
2012/10/30,68.92
2012/10/31,68.7
2012/11/1,69.93
2012/11/2,68.97
2012/11/3,69.39
2012/11/4,69.39
2012/11/5,69.39
2012/11/6,69.89
2012/11/7,68.05
2012/11/8,67.09
2012/11/9,67.41
2012/11/10,67.21
2012/11/11,67.21
2012/11/12,67.21
2012/11/13,66.77
2012/11/14,66.08
2012/11/15,65.74
2012/11/16,65.97
2012/11/17,67.75
2012/11/18,67.75
2012/11/19,67.75
2012/11/20,67.42
2012/11/21,67.75
2012/11/22,68.8
2012/11/23,68.8
2012/11/24,69.27
2012/11/25,69.27
2012/11/26,69.27
2012/11/27,69.02
2012/11/28,69.5
2012/11/29,69.83
2012/11/30,69.72
2012/12/1,69.55
2012/12/2,69.55
2012/12/3,69.55
2012/12/4,69.47
2012/12/5,68.81
2012/12/6,69.24
2012/12/7,68.9
2012/12/8,69.19
2012/12/9,69.19
2012/12/10,69.19
2012/12/11,70.2
2012/12/12,69.91
2012/12/13,69.39
2012/12/14,68.73
2012/12/15,69.64
2012/12/16,69.64
2012/12/17,69.64
2012/12/18,70.83
2012/12/19,70.58
2012/12/20,69.83
2012/12/21,69.22
2012/12/22,68.97
2012/12/23,68.97
2012/12/24,68.97
2012/12/25,68.55
2012/12/26,68.55
2012/12/27,68.44
2012/12/28,67.75
2012/12/29,69.11
2012/12/30,69.11
2012/12/31,69.11
2013/1/1,71.25
2013/1/2,71.25
2013/1/3,70.79
2013/1/4,70.52
2013/1/5,70.39
2013/1/6,70.39
2013/1/7,70.39
2013/1/8,70.17
2013/1/9,70.45
2013/1/10,70.8
2013/1/11,71.03
2013/1/12,70.6
2013/1/13,70.6
2013/1/14,70.6
2013/1/15,70.26
2013/1/16,70.72
2013/1/17,71.02
2013/1/18,70.78
2013/1/19,70.89
2013/1/20,70.89
2013/1/21,70.89
2013/1/22,70.89
2013/1/23,71.69
2013/1/24,70.56
2013/1/25,70.77
2013/1/26,70.97
2013/1/27,70.97
2013/1/28,70.97
2013/1/29,70.76
2013/1/30,70.57
2013/1/31,70.65
2013/2/1,71.42
2013/2/2,70.29
2013/2/3,70.29
2013/2/4,70.29
2013/2/5,71.26
2013/2/6,71.25
2013/2/7,71.23
2013/2/8,71.97
2013/2/9,72.05
2013/2/10,72.05
2013/2/11,72.05
2013/2/12,71.78
2013/2/13,71.73
2013/2/14,71.91
2013/2/15,71.83
2013/2/16,72.28
2013/2/17,72.28
2013/2/18,72.28
2013/2/19,72.28
2013/2/20,71.17
2013/2/21,70.41
2013/2/22,71.26
2013/2/23,70.16
2013/2/24,70.16
2013/2/25,70.16
2013/2/26,70.57
2013/2/27,71.19
2013/2/28,71.08
2013/3/1,71.1
2013/3/2,71.25
2013/3/3,71.25
2013/3/4,71.25
2013/3/5,72.29
2013/3/6,72.31
2013/3/7,72.62
2013/3/8,72.68
2013/3/9,72.94
2013/3/10,72.94
2013/3/11,72.94
2013/3/12,72.59
2013/3/13,72.58
2013/3/14,73.11
2013/3/15,72.84
2013/3/16,72.75
2013/3/17,72.75
2013/3/18,72.75
2013/3/19,72.53
2013/3/20,73.03
2013/3/21,72.11
2013/3/22,72.5
2013/3/23,72.31
2013/3/24,72.31
2013/3/25,72.31
2013/3/26,72.75
2013/3/27,72.67
2013/3/28,72.87
2013/3/29,72.08
2013/3/30,72.08
2013/3/31,72.08
2013/4/1,72.08
2013/4/2,72.27
2013/4/3,71.66
2013/4/4,71.64
2013/4/5,70.97
2013/4/6,71.19
2013/4/7,71.19
2013/4/8,71.19
2013/4/9,71.72
2013/4/10,73.08
2013/4/11,72.77
2013/4/12,72.36
2013/4/13,70.92
2013/4/14,70.92
2013/4/15,70.92
2013/4/16,71.98
2013/4/17,70.39
2013/4/18,69.39
2013/4/19,69.31
2013/4/20,69.88
2013/4/21,69.88
2013/4/22,69.88
2013/4/23,70.83
2013/4/24,71.22
2013/4/25,71.45
2013/4/26,71.44
2013/4/27,72.47
2013/4/28,72.47
2013/4/29,72.47
2013/4/30,73.29
2013/5/1,72.61
2013/5/2,73.69
2013/5/3,74.48
2013/5/4,74.89
2013/5/5,74.89
2013/5/6,74.89
2013/5/7,74.8
2013/5/8,75.36
2013/5/9,75.1
2013/5/10,75.47
2013/5/11,75.3
2013/5/12,75.3
2013/5/13,75.3
2013/5/14,75.59
2013/5/15,75.75
2013/5/16,76.17
2013/5/17,77
2013/5/18,77.04
2013/5/19,77.04
2013/5/20,77.04
2013/5/21,76.92
2013/5/22,76.01
2013/5/23,75.97
2013/5/24,75.85
2013/5/25,76.42
2013/5/26,76.42
2013/5/27,76.42
2013/5/28,76.42
2013/5/29,76.31
2013/5/30,77.06
2013/5/31,76.42
2013/6/1,76.76
2013/6/2,76.76
2013/6/3,76.76
2013/6/4,76.27
2013/6/5,75.47
2013/6/6,75.62
2013/6/7,76.41
2013/6/8,76.51
2013/6/9,76.51
2013/6/10,76.51
2013/6/11,75.64
2013/6/12,75.03
2013/6/13,75.91
2013/6/14,75.38
2013/6/15,76.2
2013/6/16,76.2
2013/6/17,76.2
2013/6/18,76.79
2013/6/19,76.06
2013/6/20,74.36
2013/6/21,73.89
2013/6/22,72.88
2013/6/23,72.88
2013/6/24,72.88
2013/6/25,73.42
2013/6/26,73.88
2013/6/27,74.29
2013/6/28,74.03
2013/6/29,74.56
2013/6/30,74.56
2013/7/1,74.56
2013/7/2,74.66
2013/7/3,75.06
2013/7/4,75.7
2013/7/5,75.7
2013/7/6,75.49
2013/7/7,75.49
2013/7/8,75.49
2013/7/9,75.91
2013/7/10,76.23
2013/7/11,77.57
2013/7/12,77.72
2013/7/13,78.02
2013/7/14,78.02
2013/7/15,78.02
2013/7/16,78
2013/7/17,78.11
2013/7/18,77.94
2013/7/19,76.63
2013/7/20,76.89
2013/7/21,76.89
2013/7/22,76.89
2013/7/23,76.58
2013/7/24,77.15
2013/7/25,77.59
2013/7/26,77.57
2013/7/27,77.48
2013/7/28,77.48
2013/7/29,77.48
2013/7/30,78.14
2013/7/31,77.98
2013/8/1,78.96
2013/8/2,79.32
2013/8/3,79.57
2013/8/4,79.57
2013/8/5,79.57
2013/8/6,79.05
2013/8/7,78.81
2013/8/8,79.21
2013/8/9,78.89
2013/8/10,79.45
2013/8/11,79.45
2013/8/12,79.45
2013/8/13,80.03
2013/8/14,79.89
2013/8/15,78.43
2013/8/16,78.5
2013/8/17,78.31
2013/8/18,78.31
2013/8/19,78.31
2013/8/20,78.48
2013/8/21,78.36
2013/8/22,78.81
2013/8/23,79.31
2013/8/24,79.12
2013/8/25,79.12
2013/8/26,79.12
2013/8/27,77.47
2013/8/28,77.69
2013/8/29,78.16
2013/8/30,77.67
2013/8/31,77.94
2013/9/1,77.94
2013/9/2,77.94
2013/9/3,77.94
2013/9/4,78.64
2013/9/5,78.86
2013/9/6,79
2013/9/7,80.05
2013/9/8,80.05
2013/9/9,80.05
2013/9/10,80.59
2013/9/11,80.31
2013/9/12,80.22
2013/9/13,80.27
2013/9/14,79.94
2013/9/15,79.94
2013/9/16,79.94
2013/9/17,80.56
2013/9/18,81.56
2013/9/19,81.75
2013/9/20,81.33
2013/9/21,81.41
2013/9/22,81.41
2013/9/23,81.41
2013/9/24,81.31
2013/9/25,81.22
2013/9/26,81.55
2013/9/27,81.11
2013/9/28,80.72
2013/9/29,80.72
2013/9/30,80.72
2013/10/1,81.5
2013/10/2,81.57
2013/10/3,80.71
2013/10/4,81.27
2013/10/5,80.58
2013/10/6,80.58
2013/10/7,80.58
2013/10/8,79.07
2013/10/9,79.2
2013/10/10,80.73
2013/10/11,81.41
2013/10/12,81.89
2013/10/13,81.89
2013/10/14,81.89
2013/10/15,81.34
2013/10/16,82.11
2013/10/17,82.07
2013/10/18,83.48
2013/10/19,83.89
2013/10/20,83.89
2013/10/21,83.89
2013/10/22,83.72
2013/10/23,83.11
2013/10/24,83.51
2013/10/25,83.72
2013/10/26,83.86
2013/10/27,83.86
2013/10/28,83.86
2013/10/29,84.24
2013/10/30,83.81
2013/10/31,83.69
2013/11/1,83.73
2013/11/2,84.01
2013/11/3,84.01
2013/11/4,84.01
2013/11/5,84.06
2013/11/6,84.72
2013/11/7,83.5
2013/11/8,84.42
2013/11/9,84.47
2013/11/10,84.47
2013/11/11,84.47
2013/11/12,84.8
2013/11/13,85.77
2013/11/14,85.46
2013/11/15,85.73
2013/11/16,84.99
2013/11/17,84.99
2013/11/18,84.99
2013/11/19,84.61
2013/11/20,84.39
2013/11/21,85.34
2013/11/22,85.24
2013/11/23,85.08
2013/11/24,85.08
2013/11/25,85.08
2013/11/26,85.53
2013/11/27,86.26
2013/11/28,86.68
2013/11/29,86.68
2013/11/30,86.24
2013/12/1,86.24
2013/12/2,86.24
2013/12/3,86.44
2013/12/4,86.66
2013/12/5,86.56
2013/12/6,87.16
2013/12/7,87.41
2013/12/8,87.41
2013/12/9,87.41
2013/12/10,87.27
2013/12/11,86.41
2013/12/12,85.98
2013/12/13,85.92
2013/12/14,86.78
2013/12/15,86.78
2013/12/16,86.78
2013/12/17,86.94
2013/12/18,87.57
2013/12/19,87.61
2013/12/20,87.61
2013/12/21,88.73
2013/12/22,88.73
2013/12/23,88.73
2013/12/24,88.89
2013/12/25,89.17
2013/12/26,89.17
2013/12/27,88.97
2013/12/28,88.9
2013/12/29,88.9
2013/12/30,88.9
2013/12/31,89.54
2014/1/1,88.61
2014/1/2,88.61
2014/1/3,88.36
2014/1/4,88.09
2014/1/5,88.09
2014/1/6,88.09
2014/1/7,88.98
2014/1/8,89.08
2014/1/9,88.63
2014/1/10,88.83
2014/1/11,87.83
2014/1/12,87.83
2014/1/13,87.83
2014/1/14,89.48
2014/1/15,90.54
2014/1/16,90.55
2014/1/17,89.99
2014/1/18,90.38
2014/1/19,90.38
2014/1/20,90.38
2014/1/21,90.38
2014/1/22,90.5
2014/1/23,90.08
2014/1/24,88.19
2014/1/25,87.22
2014/1/26,87.22
2014/1/27,87.22
2014/1/28,86.91
2014/1/29,86.08
2014/1/30,87.45
2014/1/31,87.48
2014/2/1,85.5
2014/2/2,85.5
2014/2/3,85.5
2014/2/4,85.97
2014/2/5,85.94
2014/2/6,87.03
2014/2/7,88.25
2014/2/8,88.54
2014/2/9,88.54
2014/2/10,88.54
2014/2/11,89.47
2014/2/12,89.75
2014/2/13,90.61
2014/2/14,90.82
2014/2/15,91.16
2014/2/16,91.16
2014/2/17,91.16
2014/2/18,91.16
2014/2/19,90.7
2014/2/20,91.09
2014/2/21,90.84
2014/2/22,91.34
2014/2/23,91.34
2014/2/24,91.34
2014/2/25,91.09
2014/2/26,91.33
2014/2/27,92.02
2014/2/28,91.75
2014/3/1,90.98
2014/3/2,90.98
2014/3/3,90.98
2014/3/4,92.55
2014/3/5,92.7
2014/3/6,92.66
2014/3/7,92.32
2014/3/8,92.13
2014/3/9,92.13
2014/3/10,92.13
2014/3/11,91.8
2014/3/12,92.11
2014/3/13,90.65
2014/3/14,90.19
2014/3/15,91.24
2014/3/16,91.24
2014/3/17,91.24
2014/3/18,92.58
2014/3/19,92.08
2014/3/20,92.63
2014/3/21,92.08
2014/3/22,91.59
2014/3/23,91.59
2014/3/24,91.59
2014/3/25,92.11
2014/3/26,90.8
2014/3/27,90.25
2014/3/28,90.6
2014/3/29,91.51
2014/3/30,91.51
2014/3/31,91.51
2014/4/1,92.77
2014/4/2,92.76
2014/4/3,92.02
2014/4/4,89.92
2014/4/5,89.09
2014/4/6,89.09
2014/4/7,89.09
2014/4/8,89.88
2014/4/9,91.37
2014/4/10,88.92
2014/4/11,87.77
2014/4/12,88.56
2014/4/13,88.56
2014/4/14,88.56
2014/4/15,89.03
2014/4/16,89.99
2014/4/17,89.89
2014/4/18,90.25
2014/4/19,90.25
2014/4/20,90.25
2014/4/21,90.25
2014/4/22,90.81
2014/4/23,89.97
2014/4/24,90.7
2014/4/25,89.22
2014/4/26,89.7
2014/4/27,89.7
2014/4/28,89.7
2014/4/29,90.4
2014/4/30,90.71
2014/5/1,90.75
2014/5/2,90.56
2014/5/3,90.88
2014/5/4,90.88
2014/5/5,90.88
2014/5/6,89.76
2014/5/7,89.48
2014/5/8,89.53
2014/5/9,89.73
2014/5/10,91.24
2014/5/11,91.24
2014/5/12,91.24
2014/5/13,91.21
2014/5/14,90.59
2014/5/15,89.94
2014/5/16,90.53
2014/5/17,91.39
2014/5/18,91.39
2014/5/19,91.39
2014/5/20,90.84
2014/5/21,91.53
2014/5/22,91.79
2014/5/23,92.72
2014/5/24,93.68
2014/5/25,93.68
2014/5/26,93.68
2014/5/27,93.68
2014/5/28,93.41
2014/5/29,93.97
2014/5/30,93.85
2014/5/31,93.63
2014/6/1,93.63
2014/6/2,93.63
2014/6/3,93.56
2014/6/4,93.84
2014/6/5,94.67
2014/6/6,95.19
2014/6/7,95.5
2014/6/8,95.5
2014/6/9,95.5
2014/6/10,95.68
2014/6/11,95.58
2014/6/12,94.74
2014/6/13,95.34
2014/6/14,95.47
2014/6/15,95.47
2014/6/16,95.47
2014/6/17,95.83
2014/6/18,96.27
2014/6/19,96.05
2014/6/20,95.86
2014/6/21,96.1
2014/6/22,96.1
2014/6/23,96.1
2014/6/24,95.54
2014/6/25,96.09
2014/6/26,95.98
2014/6/27,96.52
2014/6/28,96.78
2014/6/29,96.78
2014/6/30,96.78
2014/7/1,97.83
2014/7/2,97.78
2014/7/3,98.19
2014/7/4,98.02
2014/7/5,98.02
2014/7/6,98.02
2014/7/7,98.02
2014/7/8,96.89
2014/7/9,97.28
2014/7/10,96.94
2014/7/11,97.28
2014/7/12,98.02
2014/7/13,98.02
2014/7/14,98.02
2014/7/15,97.73
2014/7/16,98.47
2014/7/17,97.19
2014/7/18,98.5
2014/7/19,98.44
2014/7/20,98.44
2014/7/21,98.44
2014/7/22,99.32
2014/7/23,99.38
2014/7/24,99.46
2014/7/25,99.11
2014/7/26,99.26
2014/7/27,99.26
2014/7/28,99.26
2014/7/29,98.89
2014/7/30,99.31
2014/7/31,97.28
2014/8/1,96.86
2014/8/2,97.53
2014/8/3,97.53
2014/8/4,97.53
2014/8/5,96.8
2014/8/6,96.64
2014/8/7,96.3
2014/8/8,96.93
2014/8/9,97.58
2014/8/10,97.58
2014/8/11,97.58
2014/8/12,97.36
2014/8/13,98.42
2014/8/14,98.56
2014/8/15,98.67
2014/8/16,99.72
2014/8/17,99.72
2014/8/18,99.72
2014/8/19,100.45
2014/8/20,100.47
2014/8/21,100.97
2014/8/22,100.97
2014/8/23,101
2014/8/24,101
2014/8/25,101
2014/8/26,101.22
2014/8/27,101.04
2014/8/28,100.83
2014/8/29,101.41
2014/8/30,101.66
2014/8/31,101.66
2014/9/1,101.66
2014/9/2,101.66
2014/9/3,100.99
2014/9/4,100.85
2014/9/5,101.45
2014/9/6,101.69
2014/9/7,101.69
2014/9/8,101.69
2014/9/9,100.92
2014/9/10,101.73
2014/9/11,101.92
2014/9/12,101.45
2014/9/13,100.55
2014/9/14,100.55
2014/9/15,100.55
2014/9/16,101.26
2014/9/17,101.4
2014/9/18,102.1
2014/9/19,101.67
2014/9/20,100.74
2014/9/21,100.74
2014/9/22,100.74
2014/9/23,100.44
2014/9/24,101.17
2014/9/25,98.95
2014/9/26,100.06
2014/9/27,100
2014/9/28,100
2014/9/29,100
2014/9/30,100.12
2014/10/1,98.43
2014/10/2,98.55
2014/10/3,99.36
2014/10/4,99.18
2014/10/5,99.18
2014/10/6,99.18
2014/10/7,97.52
2014/10/8,99.37
2014/10/9,97.64
2014/10/10,94.72
2014/10/11,93.55
2014/10/12,93.55
2014/10/13,93.55
2014/10/14,93.85
2014/10/15,93.48
2014/10/16,93.07
2014/10/17,94.19
2014/10/18,94.81
2014/10/19,94.81
2014/10/20,94.81
2014/10/21,96.85
2014/10/22,96.13
2014/10/23,97.69
2014/10/24,98.5
2014/10/25,98.42
2014/10/26,98.42
2014/10/27,98.42
2014/10/28,100.05
2014/10/29,99.78
2014/10/30,100.16
2014/10/31,102.02
2014/11/1,102.42
2014/11/2,102.42
2014/11/3,102.42
2014/11/4,102.48
2014/11/5,102.66
2014/11/6,102.77
2014/11/7,102.76
2014/11/8,103.08
2014/11/9,103.08
2014/11/10,103.08
2014/11/11,103.21
2014/11/12,103.52
2014/11/13,103.84
2014/11/14,104.56
2014/11/15,104.22
2014/11/16,104.22
2014/11/17,104.22
2014/11/18,104.78
2014/11/19,104
2014/11/20,104.71
2014/11/21,104.96
2014/11/22,105.81
2014/11/23,105.81
2014/11/24,105.81
2014/11/25,105.88
2014/11/26,106.8
2014/11/27,107.03
2014/11/28,107.03
2014/11/29,105.77
2014/11/30,105.77
2014/12/1,105.77
2014/12/2,106.11
2014/12/3,106.7
2014/12/4,106.75
2014/12/5,106.77
2014/12/6,105.38
2014/12/7,105.38
2014/12/8,105.38
2014/12/9,106.01
2014/12/10,104.22
2014/12/11,104.7
2014/12/12,103.18
2014/12/13,102.51
2014/12/14,102.51
2014/12/15,102.51
2014/12/16,101.17
2014/12/17,103.11
2014/12/18,104.89
2014/12/19,105.18
2014/12/20,106.21
2014/12/21,106.21
2014/12/22,106.21
2014/12/23,106.51
2014/12/24,106.5
2014/12/25,106.96
2014/12/26,106.96
2014/12/27,106.32
2014/12/28,106.32
2014/12/29,106.32
2014/12/30,105.67
2014/12/31,104.52
2015/1/1,104.29
2015/1/2,104.29
2015/1/3,102.46
2015/1/4,102.46
2015/1/5,102.46
2015/1/6,101.08
2015/1/7,102
2015/1/8,104.36
2015/1/9,104.05
2015/1/10,102.77
2015/1/11,102.77
2015/1/12,102.77
2015/1/13,102.66
2015/1/14,102.09
2015/1/15,100.52
2015/1/16,101.58
2015/1/17,102.3
2015/1/18,102.3
2015/1/19,102.3
2015/1/20,102.3
2015/1/21,102.46
2015/1/22,104.39
2015/1/23,104.7
2015/1/24,104.41
2015/1/25,104.41
2015/1/26,104.41
2015/1/27,101.38
2015/1/28,101.23
2015/1/29,102.2
2015/1/30,100.82
2015/1/31,101.7
2015/2/1,101.7
2015/2/2,101.7
2015/2/3,102.95
2015/2/4,103.11
2015/2/5,104.17
2015/2/6,103.73
2015/2/7,103.54
2015/2/8,103.54
2015/2/9,103.54
2015/2/10,105.09
2015/2/11,105.51
2015/2/12,107.21
2015/2/13,108.01
2015/2/14,108.03
2015/2/15,108.03
2015/2/16,108.03
2015/2/17,108.03
2015/2/18,108.25
2015/2/19,108.68
2015/2/20,109.37
2015/2/21,109.4
2015/2/22,109.4
2015/2/23,109.4
2015/2/24,109.69
2015/2/25,109.11
2015/2/26,109.78
2015/2/27,109.2
2015/2/28,110.22
2015/3/1,110.22
2015/3/2,110.22
2015/3/3,109.39
2015/3/4,108.99
2015/3/5,109
2015/3/6,107.75
2015/3/7,108.22
2015/3/8,108.22
2015/3/9,108.22
2015/3/10,106.06
2015/3/11,105.47
2015/3/12,106.11
2015/3/13,105.55
2015/3/14,106.81
2015/3/15,106.81
2015/3/16,106.81
2015/3/17,106.91
2015/3/18,108.22
2015/3/19,108.12
2015/3/20,108.81
2015/3/21,108.8
2015/3/22,108.8
2015/3/23,108.8
2015/3/24,108.45
2015/3/25,105.53
2015/3/26,105.53
2015/3/27,105.83
2015/3/28,107.08
2015/3/29,107.08
2015/3/30,107.08
2015/3/31,106.22
2015/4/1,105.64
2015/4/2,105.68
2015/4/3,106.63
2015/4/4,106.63
2015/4/5,106.63
2015/4/6,106.63
2015/4/7,106.56
2015/4/8,106.92
2015/4/9,107.33
2015/4/10,107.8
2015/4/11,107.39
2015/4/12,107.39
2015/4/13,107.39
2015/4/14,106.97
2015/4/15,107.97
2015/4/16,107.74
2015/4/17,106.08
2015/4/18,107.81
2015/4/19,107.81
2015/4/20,107.81
2015/4/21,107.88
2015/4/22,108.96
2015/4/23,109.2
2015/4/24,109.86
2015/4/25,110.09
2015/4/26,110.09
2015/4/27,110.09
2015/4/28,110.17
2015/4/29,109.68
2015/4/30,107.94
2015/5/1,109.25
2015/5/2,109.33
2015/5/3,109.33
2015/5/4,109.33
2015/5/5,107.67
2015/5/6,106.98
2015/5/7,107.79
2015/5/8,109.33
2015/5/9,108.88
2015/5/10,108.88
2015/5/11,108.88
2015/5/12,108.3
2015/5/13,108.81
2015/5/14,110.58
2015/5/15,110.27
2015/5/16,110.86
2015/5/17,110.86
2015/5/18,110.86
2015/5/19,110.68
2015/5/20,110.67
2015/5/21,111.03
2015/5/22,111.06
2015/5/23,109.53
2015/5/24,109.53
2015/5/25,109.53
2015/5/26,109.53
2015/5/27,111.41
2015/5/28,111.34
2015/5/29,110.58
2015/5/30,110.86
2015/5/31,110.86
2015/6/1,110.86
2015/6/2,110.64
2015/6/3,111
2015/6/4,109.97
2015/6/5,109.94
2015/6/6,108.6
2015/6/7,108.6
2015/6/8,108.6
2015/6/9,108.37
2015/6/10,110.09
2015/6/11,110.04
2015/6/12,109.26
2015/6/13,108.66
2015/6/14,108.66
2015/6/15,108.66
2015/6/16,109.33
2015/6/17,109.56
2015/6/18,110.42
2015/6/19,109.7
2015/6/20,110.39
2015/6/21,110.39
2015/6/22,110.39
2015/6/23,110.41
2015/6/24,109.84
2015/6/25,109.55
2015/6/26,108.53
2015/6/27,106
2015/6/28,106
2015/6/29,106
2015/6/30,106.29
2015/7/1,106.78
2015/7/2,106.91
2015/7/3,106.38
2015/7/4,106.38
2015/7/5,106.38
2015/7/6,106.38
2015/7/7,106.42
2015/7/8,104.7
2015/7/9,104.45
2015/7/10,106.02
2015/7/11,107.56
2015/7/12,107.56
2015/7/13,107.56
2015/7/14,108.08
2015/7/15,108.06
2015/7/16,109.33
2015/7/17,110.86
2015/7/18,111.36
2015/7/19,111.36
2015/7/20,111.36
2015/7/21,110.83
2015/7/22,109.23
2015/7/23,109.02
2015/7/24,108.33
2015/7/25,107.23
2015/7/26,107.23
2015/7/27,107.23
2015/7/28,108.28
2015/7/29,108.86
2015/7/30,109.14
2015/7/31,108.62
2015/8/1,107.94
2015/8/2,107.94
2015/8/3,107.94
2015/8/4,107.3
2015/8/5,108.36
2015/8/6,107.27
2015/8/7,107.31
2015/8/8,108.97
2015/8/9,108.97
2015/8/10,108.97
2015/8/11,107.23
2015/8/12,107.66
2015/8/13,107.42
2015/8/14,108
2015/8/15,108.69
2015/8/16,108.69
2015/8/17,108.69
2015/8/18,108.03
2015/8/19,107.13
2015/8/20,104.46
2015/8/21,100.45
2015/8/22,97
2015/8/23,97
2015/8/24,97
2015/8/25,95.77
2015/8/26,100.53
2015/8/27,102.89
2015/8/28,103.25
2015/8/29,102.36
2015/8/30,102.36
2015/8/31,102.36
2015/9/1,99.12
2015/9/2,101.36
2015/9/3,101.49
2015/9/4,100.06
2015/9/5,102.85
2015/9/6,102.85
2015/9/7,102.85
2015/9/8,102.85
2015/9/9,101.56
2015/9/10,102.55
2015/9/11,103.05
2015/9/12,102.8
2015/9/13,102.8
2015/9/14,102.8
2015/9/15,104.14
2015/9/16,104.64
2015/9/17,104.07
2015/9/18,102.78
2015/9/19,103.58
2015/9/20,103.58
2015/9/21,103.58
2015/9/22,101.98
2015/9/23,101.17
2015/9/24,101.07
2015/9/25,100.81
2015/9/26,98.48
2015/9/27,98.48
2015/9/28,98.48
2015/9/29,97.99
2015/9/30,100.02
2015/10/1,100.02
2015/10/2,101.61
2015/10/3,103.58
2015/10/4,103.58
2015/10/5,103.58
2015/10/6,103.8
2015/10/7,104.38
2015/10/8,104.85
2015/10/9,105.45
2015/10/10,105.51
2015/10/11,105.51
2015/10/12,105.51
2015/10/13,105.05
2015/10/14,104.97
2015/10/15,106.22
2015/10/16,106.53
2015/10/17,106.84
2015/10/18,106.84
2015/10/19,106.84
2015/10/20,106.42
2015/10/21,105.46
2015/10/22,107.86
2015/10/23,110.8
2015/10/24,110.31
2015/10/25,110.31
2015/10/26,110.31
2015/10/27,109.61
2015/10/28,111.5
2015/10/29,111
2015/10/30,110.45
2015/10/31,111.55
2015/11/1,111.55
2015/11/2,111.55
2015/11/3,112.27
2015/11/4,112.42
2015/11/5,112.11
2015/11/6,112.77
2015/11/7,111.67
2015/11/8,111.67
2015/11/9,111.67
2015/11/10,110.84
2015/11/11,110.8
2015/11/12,109.7
2015/11/13,107.56
2015/11/14,109.03
2015/11/15,109.03
2015/11/16,109.03
2015/11/17,109.03
2015/11/18,110.78
2015/11/19,111.28
2015/11/20,112.08
2015/11/21,111.56
2015/11/22,111.56
2015/11/23,111.56
2015/11/24,111.64
2015/11/25,111.41
2015/11/26,111.63
2015/11/27,111.63
2015/11/28,111.73
2015/11/29,111.73
2015/11/30,111.73
2015/12/1,112.78
2015/12/2,112.19
2015/12/3,110.64
2015/12/4,113.06
2015/12/5,112.3
2015/12/6,112.3
2015/12/7,112.3
2015/12/8,112.11
2015/12/9,110.4
2015/12/10,110.71
2015/12/11,108.39
2015/12/12,108.86
2015/12/13,108.86
2015/12/14,108.86
2015/12/15,109.47
2015/12/16,110.89
2015/12/17,109.17
2015/12/18,107.03
2015/12/19,108.09
2015/12/20,108.09
2015/12/21,108.09
2015/12/22,108.81
2015/12/23,109.36
2015/12/24,109.33
2015/12/25,109.28
2015/12/26,109.28
2015/12/27,109.28
2015/12/28,109.28
2015/12/29,110.64
2015/12/30,109.81
2015/12/31,108.3
2016/1/1,106.54
2016/1/2,106.54
2016/1/3,106.54
2016/1/4,106.54
2016/1/5,106.03
2016/1/6,104.64
2016/1/7,101.38
2016/1/8,100.44
2016/1/9,100.89
2016/1/10,100.89
2016/1/11,100.89
2016/1/12,102.07
2016/1/13,99.14
2016/1/14,101.11
2016/1/15,98.06
2016/1/16,97.82
2016/1/17,97.82
2016/1/18,97.82
2016/1/19,97.82
2016/1/20,97.31
2016/1/21,97.59
2016/1/22,100.31
2016/1/23,98.83
2016/1/24,98.83
2016/1/25,98.83
2016/1/26,99.82
2016/1/27,97.44
2016/1/28,98.53
2016/1/29,101.91
2016/1/30,102.22
2016/1/31,102.22
2016/2/1,102.22
2016/2/2,100.1
2016/2/3,99.83
2016/2/4,100.13
2016/2/5,96.4
2016/2/6,94.66
2016/2/7,94.66
2016/2/8,94.66
2016/2/9,94.22
2016/2/10,94.58
2016/2/11,94.33
2016/2/12,95.69
2016/2/13,97.68
2016/2/14,97.68
2016/2/15,97.68
2016/2/16,97.68
2016/2/17,100
2016/2/18,99.42
2016/2/19,99.81
2016/2/20,101.19
2016/2/21,101.19
2016/2/22,101.19
2016/2/23,99.48
2016/2/24,100.45
2016/2/25,101.63
2016/2/26,101.53
2016/2/27,100.98
2016/2/28,100.98
2016/2/29,100.98
2016/3/1,103.99
2016/3/2,104.26
2016/3/3,104.3
2016/3/4,104.65
2016/3/5,104.03
2016/3/6,104.03
2016/3/7,104.03
2016/3/8,103.06
2016/3/9,103.98
2016/3/10,103.72
2016/3/11,105.58
2016/3/12,105.66
2016/3/13,105.66
2016/3/14,105.66
2016/3/15,105.82
2016/3/16,107
2016/3/17,107.61
2016/3/18,107.97
2016/3/19,107.85
2016/3/20,107.85
2016/3/21,107.85
2016/3/22,108
2016/3/23,107.14
2016/3/24,107.28
2016/3/25,107.09
2016/3/26,107.09
2016/3/27,107.09
2016/3/28,107.09
2016/3/29,108.86
2016/3/30,109.58
2016/3/31,109.54
2016/4/1,110.36
2016/4/2,109.79
2016/4/3,109.79
2016/4/4,109.79
2016/4/5,108.65
2016/4/6,109.81
2016/4/7,108.23
2016/4/8,108.27
2016/4/9,108.03
2016/4/10,108.03
2016/4/11,108.03
2016/4/12,108.51
2016/4/13,110.22
2016/4/14,110.08
2016/4/15,109.61
2016/4/16,110.08
2016/4/17,110.08
2016/4/18,110.08
2016/4/19,109.39
2016/4/20,109.73
2016/4/21,109.68
2016/4/22,107.99
2016/4/23,107.75
2016/4/24,107.75
2016/4/25,107.75
2016/4/26,107.5
2016/4/27,106.79
2016/4/28,105.33
2016/4/29,104.39
2016/4/30,105.04
2016/5/1,105.04
2016/5/2,105.04
2016/5/3,104.08
2016/5/4,103.63
2016/5/5,103.63
2016/5/6,104.31
2016/5/7,104.38
2016/5/8,104.38
2016/5/9,104.38
2016/5/10,105.76
2016/5/11,105.08
2016/5/12,104.56
2016/5/13,104.27
2016/5/14,105.64
2016/5/15,105.64
2016/5/16,105.64
2016/5/17,104.55
2016/5/18,102.92
2016/5/19,104.56
2016/5/20,105.93
2016/5/21,105.88
2016/5/22,105.88
2016/5/23,105.88
2016/5/24,108.14
2016/5/25,108.91
2016/5/26,109.17
2016/5/27,109.83
2016/5/28,110.02
2016/5/29,110.02
2016/5/30,110.02
2016/5/31,110.02
2016/6/1,109.95
2016/6/2,109.92
2016/6/3,109.54
2016/6/4,109.97
2016/6/5,109.97
2016/6/6,109.97
2016/6/7,110.19
2016/6/8,110.5
2016/6/9,110.45
2016/6/10,109.12
2016/6/11,108.17
2016/6/12,108.17
2016/6/13,108.17
2016/6/14,108.26
2016/6/15,108.12
2016/6/16,108.25
2016/6/17,107.31
2016/6/18,108.04
2016/6/19,108.04
2016/6/20,108.04
2016/6/21,108.24
2016/6/22,107.73
2016/6/23,109.39
2016/6/24,104.67
2016/6/25,101.97
2016/6/26,101.97
2016/6/27,101.97
2016/6/28,104
2016/6/29,105.77
2016/6/30,107.03
2016/7/1,107.2
2016/7/2,106.28
2016/7/3,106.28
2016/7/4,106.28
2016/7/5,106.28
2016/7/6,106.88
2016/7/7,107.19
2016/7/8,109.11
2016/7/9,109.83
2016/7/10,109.83
2016/7/11,109.83
2016/7/12,110.94
2016/7/13,110.83
2016/7/14,111.64
2016/7/15,111.48
2016/7/16,112.25
2016/7/17,112.25
2016/7/18,112.25
2016/7/19,112.05
2016/7/20,113.61
2016/7/21,112.94
2016/7/22,113.55
2016/7/23,113.52
2016/7/24,113.52
2016/7/25,113.52
2016/7/26,114.05
2016/7/27,114.81
2016/7/28,115.2
2016/7/29,115.3
2016/7/30,115.72
2016/7/31,115.72
2016/8/1,115.72
2016/8/2,114.59
2016/8/3,115.08
2016/8/4,115.72
2016/8/5,117.09
2016/8/6,117.09
2016/8/7,117.09
2016/8/8,117.09
2016/8/9,117.34
2016/8/10,116.97
2016/8/11,117.42
2016/8/12,117.36
2016/8/13,118.03
2016/8/14,118.03
2016/8/15,118.03
2016/8/16,117.38
2016/8/17,117.24
2016/8/18,117.42
2016/8/19,117.72
2016/8/20,117.67
2016/8/21,117.67
2016/8/22,117.67
2016/8/23,118.19
2016/8/24,117.55
2016/8/25,117.77
2016/8/26,117.9
2016/8/27,118.26
2016/8/28,118.26
2016/8/29,118.26
2016/8/30,118.02
2016/8/31,117.84
2016/9/1,118.32
2016/9/2,118.86
2016/9/3,119.31
2016/9/4,119.31
2016/9/5,119.31
2016/9/6,119.31
2016/9/7,119.58
2016/9/8,118.61
2016/9/9,115.83
2016/9/10,117.68
2016/9/11,117.68
2016/9/12,117.68
2016/9/13,116.81
2016/9/14,117.41
2016/9/15,119.39
2016/9/16,118.92
2016/9/17,118.81
2016/9/18,118.81
2016/9/19,118.81
2016/9/20,118.44
2016/9/21,119.72
2016/9/22,120.52
2016/9/23,119.46
2016/9/24,118.64
2016/9/25,118.64
2016/9/26,118.64
2016/9/27,120.03
2016/9/28,120.42
2016/9/29,119.69
2016/9/30,120.39
2016/10/1,120
2016/10/2,120
2016/10/3,120
2016/10/4,119.75
2016/10/5,120.38
2016/10/6,120.55
2016/10/7,120.17
2016/10/8,120.94
2016/10/9,120.94
2016/10/10,120.94
2016/10/11,119.36
2016/10/12,119.38
2016/10/13,118.61
2016/10/14,119.08
2016/10/15,118.69
2016/10/16,118.69
2016/10/17,118.69
2016/10/18,119.53
2016/10/19,119.62
2016/10/20,119.31
2016/10/21,119.91
2016/10/22,121.35
2016/10/23,121.35
2016/10/24,121.35
2016/10/25,120.84
2016/10/26,123.23
2016/10/27,119.67
2016/10/28,119.64
2016/10/29,119.72
2016/10/30,119.72
2016/10/31,119.72
2016/11/1,118.75
2016/11/2,117.83
2016/11/3,116.93
2016/11/4,116.57
2016/11/5,119.3
2016/11/6,119.3
2016/11/7,119.3
2016/11/8,119.82
2016/11/9,119.73
2016/11/10,117.98
2016/11/11,118.76
2016/11/12,117.14
2016/11/13,117.14
2016/11/14,117.14
2016/11/15,118.69
2016/11/16,119.72
2016/11/17,120.61
2016/11/18,120.39
2016/11/19,121.58
2016/11/20,121.58
2016/11/21,121.58
2016/11/22,121.74
2016/11/23,121.28
2016/11/24,124.49
2016/11/25,124.49
2016/11/26,121.53
2016/11/27,121.53
2016/11/28,121.53
2016/11/29,121.67
2016/11/30,120.39
2016/12/1,117.45
2016/12/2,117.86
2016/12/3,119.21
2016/12/4,119.21
2016/12/5,119.21
2016/12/6,119.59
2016/12/7,121.67
2016/12/8,122.33
2016/12/9,122.97
2016/12/10,122.4
2016/12/11,122.4
2016/12/12,122.4
2016/12/13,123.83
2016/12/14,123.06
2016/12/15,123.56
2016/12/16,122.64
2016/12/17,123.4
2016/12/18,123.4
2016/12/19,123.4
2016/12/20,123.78
2016/12/21,123.53
2016/12/22,122.98
2016/12/23,123.17
2016/12/24,123.76
2016/12/25,123.76
2016/12/26,123.76
2016/12/27,123.76
2016/12/28,122.56
2016/12/29,122.56
2016/12/30,121.5
2016/12/31,122.41
2017/1/1,122.41
2017/1/2,122.41
2017/1/3,122.41
2017/1/4,123.18
2017/1/5,123.31
2017/1/6,124.4
2017/1/7,124.61
2017/1/8,124.61
2017/1/9,124.61
2017/1/10,124.62
2017/1/11,125.35
2017/1/12,125
2017/1/13,125.46
2017/1/14,124.79
2017/1/15,124.79
2017/1/16,124.79
2017/1/17,124.79
2017/1/18,125.27
2017/1/19,124.93
2017/1/20,125.58
2017/1/21,125.63
2017/1/22,125.63
2017/1/23,125.63
2017/1/24,127.02
2017/1/25,128.36
2017/1/26,128.02
2017/1/27,128.38
2017/1/28,127.38
2017/1/29,127.38
2017/1/30,127.38
2017/1/31,126.73
2017/2/1,127.63
2017/2/2,127.72
2017/2/3,128.75
2017/2/4,128.88
2017/2/5,128.88
2017/2/6,128.88
2017/2/7,129.36
2017/2/8,129.58
2017/2/9,130.19
2017/2/10,130.51
2017/2/11,131.26
2017/2/12,131.26
2017/2/13,131.26
2017/2/14,131.71
2017/2/15,132.26
2017/2/16,132.5
2017/2/17,132.86
2017/2/18,133.65
2017/2/19,133.65
2017/2/20,133.65
2017/2/21,133.65
2017/2/22,133.8
2017/2/23,133.49
2017/2/24,133.77
2017/2/25,133.81
2017/2/26,133.81
2017/2/27,133.81
2017/2/28,133.01
2017/3/1,134.85
2017/3/2,133.91
2017/3/3,134.07
2017/3/4,133.84
2017/3/5,133.84
2017/3/6,133.84
2017/3/7,133.96
2017/3/8,134.1
2017/3/9,134.02
2017/3/10,134.7
2017/3/11,134.94
2017/3/12,134.94
2017/3/13,134.94
2017/3/14,134.54
2017/3/15,135.41
2017/3/16,135.75
2017/3/17,135.85
2017/3/18,135.94
2017/3/19,135.94
2017/3/20,135.94
2017/3/21,133.76
2017/3/22,134.78
2017/3/23,134.42
2017/3/24,134.13
2017/3/25,134.31
2017/3/26,134.31
2017/3/27,134.31
2017/3/28,135.19
2017/3/29,135.5
2017/3/30,135.69
2017/3/31,135.61
2017/4/1,135.21
2017/4/2,135.21
2017/4/3,135.21
2017/4/4,135.19
2017/4/5,134.65
2017/4/6,134.69
2017/4/7,134.67
2017/4/8,134.49
2017/4/9,134.49
2017/4/10,134.49
2017/4/11,134.05
2017/4/12,133.38
2017/4/13,132.88
2017/4/14,134.15
2017/4/15,134.15
2017/4/16,134.15
2017/4/17,134.15
2017/4/18,134.16
2017/4/19,134.16
2017/4/20,135.49
2017/4/21,135.4
2017/4/22,137.2
2017/4/23,137.2
2017/4/24,137.2
2017/4/25,138.06
2017/4/26,137.75
2017/4/27,138.57
2017/4/28,138.82
2017/4/29,140.03
2017/4/30,140.03
2017/5/1,140.03
2017/5/2,140.29
2017/5/3,140.04
2017/5/4,140.25
2017/5/5,140.9
2017/5/6,141.41
2017/5/7,141.41
2017/5/8,141.41
2017/5/9,141.69
2017/5/10,142.22
2017/5/11,142.08
2017/5/12,142.43
2017/5/13,143.35
2017/5/14,143.35
2017/5/15,143.35
2017/5/16,144.19
2017/5/17,140.06
2017/5/18,140.72
2017/5/19,141.5
2017/5/20,142.94
2017/5/21,142.94
2017/5/22,142.94
2017/5/23,143.06
2017/5/24,143.78
2017/5/25,144.94
2017/5/26,144.96
2017/5/27,145.31
2017/5/28,145.31
2017/5/29,145.31
2017/5/30,145.31
2017/5/31,144.94
2017/6/1,145.58
2017/6/2,146.96
2017/6/3,147.13
2017/6/4,147.13
2017/6/5,147.13
2017/6/6,146.87
2017/6/7,147.2
2017/6/8,147.79
2017/6/9,143.75
2017/6/10,142.62
2017/6/11,142.62
2017/6/12,142.62
2017/6/13,143.79
2017/6/14,143
2017/6/15,142.34
2017/6/16,142.04
2017/6/17,144.35
2017/6/18,144.35
2017/6/19,144.35
2017/6/20,143.19
2017/6/21,144.19
2017/6/22,144.32
2017/6/23,145.4
2017/6/24,144.52
2017/6/25,144.52
2017/6/26,144.52
2017/6/27,142.18
2017/6/28,143.6
2017/6/29,141.07
2017/6/30,140.88
2017/7/1,139.7
2017/7/2,139.7
2017/7/3,139.7
2017/7/4,141.09
2017/7/5,141.09
2017/7/6,139.88
2017/7/7,141.68
2017/7/8,142.75
2017/7/9,142.75
2017/7/10,142.75
2017/7/11,143.31
2017/7/12,145.19
2017/7/13,145.58
2017/7/14,146.78
2017/7/15,146.86
2017/7/16,146.86
2017/7/17,146.86
2017/7/18,147.54
2017/7/19,148.42
2017/7/20,148.59
2017/7/21,148.26
2017/7/22,148.87
2017/7/23,148.87
2017/7/24,148.87
2017/7/25,148.66
2017/7/26,148.91
2017/7/27,147.6
2017/7/28,147.38
2017/7/29,146.74
2017/7/30,146.74
2017/7/31,146.74
2017/8/1,147.41
2017/8/2,147.63
2017/8/3,147.25
2017/8/4,147.45
2017/8/5,148.32
2017/8/6,148.32
2017/8/7,148.32
2017/8/8,148.14
2017/8/9,148.04
2017/8/10,144.87
2017/8/11,145.99
2017/8/12,148.29
2017/8/13,148.29
2017/8/14,148.29
2017/8/15,148.66
2017/8/16,149.1
2017/8/17,146.24
2017/8/18,146.1
2017/8/19,146.03
2017/8/20,146.03
2017/8/21,146.03
2017/8/22,148.16
2017/8/23,147.92
2017/8/24,147.81
2017/8/25,147.72
2017/8/26,148.13
2017/8/27,148.13
2017/8/28,148.13
2017/8/29,148.71
2017/8/30,150.02
2017/8/31,151.22
2017/9/1,151.16
2017/9/2,149.84
2017/9/3,149.84
2017/9/4,149.84
2017/9/5,149.84
2017/9/6,150.01
2017/9/7,150.74
2017/9/8,149.54
2017/9/9,151.75
2017/9/10,151.75
2017/9/11,151.75
2017/9/12,152.04
2017/9/13,151.84
2017/9/14,151.34
2017/9/15,151.78
2017/9/16,151.91
2017/9/17,151.91
2017/9/18,151.91
2017/9/19,152.47
2017/9/20,151.71
2017/9/21,150.9
2017/9/22,151.09
2017/9/23,148.94
2017/9/24,148.94
2017/9/25,148.94
2017/9/26,149.46
2017/9/27,150.78
2017/9/28,151.06
2017/9/29,152.09
2017/9/30,152.4
2017/10/1,152.4
2017/10/2,152.4
2017/10/3,152.83
2017/10/4,152.71
2017/10/5,154.15
2017/10/6,154.64
2017/10/7,154.94
2017/10/8,154.94
2017/10/9,154.94
