Date,Price,Open,High,Low,Vol.,Change %
2018/10/10,186.2,194.38,194.38,185.84,1.40M,-4.64%
2018/10/11,183.6,185.43,188.49,182.26,1.91M,-1.40%
2018/10/12,189.26,188.58,189.85,185.72,1.15M,3.08%
2018/10/15,186.55,188.81,189.14,186.26,655.14K,-1.43%
2018/10/16,192.35,188.88,192.94,188.5,682.88K,3.11%
2018/10/17,191.67,192.83,192.83,190,566.12K,-0.35%
2018/10/18,187.8,190.81,190.81,186.67,1.09M,-2.02%
2018/10/19,187.26,188.8,190.59,186.66,503.86K,-0.29%
2018/10/22,188.78,188.04,189.91,186.93,752.61K,0.81%
2018/10/23,188.07,185.14,189.08,183.02,890.14K,-0.38%
2018/10/24,179.63,187.71,188.07,179.42,990.96K,-4.49%
2018/10/25,185.4,182.03,186.33,181.71,1.12M,3.21%
2018/10/26,181.68,180.93,184.93,178.96,864.17K,-2.01%
2018/10/29,178.68,184.32,185.48,175.12,973.78K,-1.65%
2018/10/30,180.97,178.16,181.18,177.41,904.13K,1.28%
2018/10/31,185.39,183.58,186.85,183.22,679.96K,2.44%
2018/11/1,187.93,185.81,188.06,184.26,686.85K,1.37%
2018/11/2,184.51,186.71,187.76,183.05,641.81K,-1.82%
2018/11/5,184.07,184.35,184.35,181.51,507.40K,-0.24%
2018/11/6,185.19,183.89,186,183.55,522.70K,0.61%
2018/11/7,190.5,187.17,190.58,187,617.77K,2.87%
2018/11/8,190.15,189.84,190.64,189.01,480.86K,-0.18%
2018/11/9,186.87,188.39,188.75,185.19,463.16K,-1.72%
2018/11/12,180.44,185.25,185.55,179.96,589.27K,-3.44%
2018/11/13,180.52,180.71,183.57,180.04,802.42K,0.04%
2018/11/14,178.56,182.42,182.98,177.62,2.56M,-1.09%
2018/11/15,183.03,178.8,183.41,177.79,2.09M,2.50%
2018/11/16,182.77,180.98,183.69,180.69,522.07K,-0.14%
2018/11/19,175.57,181.72,182,175.1,762.15K,-3.94%
2018/11/20,172,170.76,174.33,169.68,1.63M,-2.03%
2018/11/21,173.45,174.57,175.04,172.67,540.33K,0.84%
2018/11/23,172.29,171.74,173.9,171.41,208.27K,-0.67%
2018/11/26,176.03,174.4,176.07,173.61,555.44K,2.17%
2018/11/27,176.17,174.87,176.56,173.86,438.69K,0.08%
2018/11/28,182.32,177.62,182.35,177.13,611.84K,3.49%
2018/11/29,180.88,181.86,182.23,179.81,485.30K,-0.79%
2018/11/30,182.67,181.23,182.78,180.3,425.04K,0.99%
2018/12/3,186.52,187.15,187.52,184.53,1.34M,2.11%
2018/12/4,179.35,185.31,185.45,179.07,690.98K,-3.84%
2018/12/6,179.89,175.44,179.89,174.54,919.85K,0.30%
2018/12/7,173.67,179.2,179.99,172.86,735.27K,-3.46%
2018/12/10,175.97,172.9,176.61,171.9,860.14K,1.32%
2018/12/11,176.05,178.73,178.97,174.73,859.83K,0.05%
2018/12/12,177.63,178.86,180.37,177.6,605.09K,0.90%
2018/12/13,177,178.02,178.86,176.08,476.84K,-0.35%
2018/12/14,172.87,174.91,175.91,172.62,678.84K,-2.33%
2018/12/17,168.87,172.27,173.19,167.61,3.79M,-2.31%
2018/12/18,170.28,170.25,171.75,168.91,969.53K,0.83%
2018/12/19,166.82,170.22,173,165.29,1.19M,-2.03%
2018/12/20,163.97,166.22,167.82,161.55,1.62M,-1.71%
2018/12/21,158.9,163.43,165.65,158.14,1.50M,-3.09%
2018/12/24,154.81,157.41,159.25,154.72,1.10M,-2.57%
2018/12/26,164.16,155.94,164.16,155.1,1.53M,6.04%
2018/12/27,165.51,161.98,165.51,159.03,1.03M,0.82%
2018/12/28,165.17,166.53,167.93,163.79,1.23M,-0.21%
2018/12/31,166.83,166.61,167.33,165.41,965.98K,1.01%
2019/1/2,166.93,163.55,167.77,163.34,861.16K,0.06%
2019/1/3,158.68,162.74,163.02,158.5,705.07K,-4.94%
2019/1/4,165.58,161.54,166.35,161.07,731.88K,4.35%
2019/1/7,167.43,165.87,168.53,165.5,1.11M,1.12%
2019/1/8,169.04,169.07,169.69,166.94,4.26M,0.96%
2019/1/9,171.15,169.91,172.03,169.73,796.50K,1.25%
2019/1/10,171.95,170,172.05,169.14,402.81K,0.47%
2019/1/11,171.85,171.08,172,170.74,391.32K,-0.06%
2019/1/14,170.15,170.26,170.71,169.56,550.82K,-0.99%
2019/1/15,172.66,170.47,172.96,170.45,436.51K,1.48%
2019/1/16,172.84,172.94,173.95,172.3,3.65M,0.10%
2019/1/17,174.16,172.21,175.05,171.9,582.84K,0.76%
2019/1/18,176.75,175.67,177.2,174.67,628.27K,1.49%
2019/1/22,173.84,175.45,175.71,172.5,1.04M,-1.65%
2019/1/23,174.25,174.52,175.85,172.43,501.46K,0.24%
2019/1/24,176.04,174.84,176.47,174.84,581.59K,1.03%
2019/1/25,178.77,177.35,179.2,176.78,633.16K,1.55%
2019/1/28,176.54,176.3,176.59,175.1,564.32K,-1.25%
2019/1/29,174.77,176.76,176.87,174.43,535.09K,-1.00%
2019/1/30,179.79,177.4,180.26,176.47,851.87K,2.87%
2019/1/31,180.16,179.19,181.15,178.73,640.68K,0.21%
2019/2/1,181.38,180.37,182.14,180.16,515.63K,0.68%
2019/2/4,184.23,181.64,184.23,181.59,436.88K,1.57%
2019/2/5,185.75,184.7,186.15,184.6,532.26K,0.83%
2019/2/6,186.4,185.96,186.86,185.17,411.85K,0.35%
2019/2/7,183.88,184.72,185.45,182.68,514.59K,-1.35%
2019/2/8,185.07,182.3,185.07,182.18,451.41K,0.65%
2019/2/11,185.17,185.82,186.66,184.75,380.60K,0.05%
2019/2/12,187.68,186.42,187.84,186.24,579.96K,1.36%
2019/2/13,187.97,188.57,189.18,187.74,411.16K,0.15%
2019/2/14,188.41,187.39,189.05,187.12,404.92K,0.23%
2019/2/15,189.85,189.93,190,188.76,389.66K,0.76%
2019/2/19,190,189.42,190.55,189.19,654.83K,0.08%
2019/2/20,190.27,190.16,190.98,189.32,1.07M,0.14%
2019/2/21,190.23,189.87,190.91,189.08,341.34K,-0.02%
2019/2/22,192.77,191.05,192.77,191.01,387.11K,1.34%
2019/2/25,193.67,194.34,194.99,193.55,929.03K,0.47%
2019/2/26,193.98,193.11,194.5,193.01,724.10K,0.16%
2019/2/27,193.98,193.29,194.1,191.97,400.59K,0.00%
2019/2/28,193.36,193.3,194.08,192.81,273.38K,-0.32%
2019/3/1,194.6,194.86,195,192.99,410.65K,0.64%
2019/3/4,193.48,195.42,195.66,191.25,563.88K,-0.58%
2019/3/5,192.83,193.44,193.47,192.22,359.36K,-0.34%
2019/3/6,191.58,192.83,192.85,191.32,319.72K,-0.65%
2019/3/7,189.92,191.06,191.29,189.26,518.57K,-0.87%
2019/3/8,189.94,187.53,190.01,187.13,452.56K,0.01%
2019/3/11,194.11,190.67,194.23,190.67,564.77K,2.20%
2019/3/12,195.07,194.56,195.78,193.93,1.33M,0.49%
2019/3/13,196.29,195.99,197.47,195.58,650.23K,0.63%
2019/3/14,196.68,196.72,197.25,196.11,368.68K,0.20%
2019/3/15,198.89,197.26,199.73,197.19,473.77K,1.12%
2019/3/18,199.65,199.16,200.27,198.37,567.41K,0.38%
2019/3/19,200.13,200.51,200.97,199.37,537.34K,0.24%
2019/3/20,199.52,200,201.11,198.19,722.78K,-0.30%
2019/3/21,203.88,198.87,204.24,198.87,476.74K,2.19%
2019/3/22,198.7,202.71,203.56,198.63,984.56K,-2.54%
2019/3/25,197.89,198.11,199.06,196.5,541.91K,-0.41%
2019/3/26,199.04,199.46,200.81,197.95,454.34K,0.58%
2019/3/27,197.79,199.38,200,195.87,542.88K,-0.63%
2019/3/28,198.62,198.32,199.45,197.33,436.27K,0.42%
2019/3/29,200.63,200.15,200.71,199.47,413.28K,1.01%
2019/4/1,203.44,202.75,203.61,201.5,793.65K,1.40%
2019/4/2,204.02,203.42,204.31,202.84,469.63K,0.29%
2019/4/3,205.74,205.27,206.77,204.95,542.24K,0.84%
2019/4/4,204.64,205.71,206.1,203.25,421.36K,-0.53%
2019/4/5,205.61,205.33,205.84,204.99,407.56K,0.47%
2019/4/8,206.43,205.17,206.46,204.16,530.93K,0.40%
2019/4/9,205.48,205.52,206.37,205.1,698.66K,-0.46%
2019/4/10,207.12,205.76,207.14,205.65,551.81K,0.80%
2019/4/11,207.02,207.44,207.55,206.53,357.32K,-0.05%
2019/4/12,208.36,208.16,208.4,207.02,387.65K,0.65%
2019/4/15,208.36,208.53,208.98,207.25,395.64K,0.00%
2019/4/16,209.26,209.11,209.66,208.36,402.98K,0.43%
2019/4/17,210.01,210.45,210.59,209.16,583.18K,0.36%
2019/4/18,210.39,210.29,210.44,208.84,383.46K,0.18%
2019/4/22,211.04,209.55,211.08,209.35,493.87K,0.31%
2019/4/23,213.47,211.49,213.7,211.25,1.97M,1.15%
2019/4/24,213.61,213.61,214.65,213.33,486.95K,0.07%
2019/4/25,213.34,214.64,215.04,212.15,626.47K,-0.13%
2019/4/26,212.89,212.37,212.91,210.61,1.70M,-0.21%
2019/4/29,213.03,212.91,213.77,212.83,1.51M,0.07%
2019/4/30,213.41,213.02,213.67,211.67,1.41M,0.18%
2019/5/1,212.59,215.41,215.77,212.59,461.00K,-0.38%
2019/5/2,211.61,212.58,214.07,210.37,817.91K,-0.46%
2019/5/3,213.69,212.6,213.88,212.12,323.56K,0.98%
2019/5/6,212.25,208.74,212.56,207.9,1.00M,-0.67%
2019/5/7,207.74,209.82,210.7,205.83,1.05M,-2.12%
2019/5/8,207.36,207.19,209.06,206.61,704.60K,-0.18%
2019/5/9,205.97,204.98,206.57,202.31,917.90K,-0.67%
2019/5/10,206.55,204.66,207.44,201.66,523.92K,0.28%
2019/5/13,198.54,200.89,201.88,197.95,1.56M,-3.88%
2019/5/14,201.87,199.6,203.01,199.58,662.55K,1.68%
2019/5/15,203.94,200.48,204.6,200.38,1.53M,1.03%
2019/5/16,206.05,204.18,207.39,203.98,795.01K,1.03%
2019/5/17,204,203.88,206.83,203.79,404.75K,-0.99%
2019/5/20,200.43,200.85,202.07,199.59,640.91K,-1.75%
2019/5/21,203.17,202.58,203.71,202.31,307.41K,1.37%
2019/5/22,201.94,201.78,203.25,201.78,314.72K,-0.61%
2019/5/23,198.27,199.39,199.51,196.96,791.69K,-1.82%
2019/5/24,198.43,199.5,200.39,198.27,292.19K,0.08%
2019/5/28,197.81,199.05,200.36,197.81,418.80K,-0.31%
2019/5/29,196.48,196.51,197.7,195.39,786.63K,-0.67%
2019/5/30,197.64,197.12,198.2,196.45,404.74K,0.59%
2019/5/31,194.46,195.23,196.32,194.39,480.03K,-1.61%
2019/6/3,190.92,194.79,195.7,189.69,837.62K,-1.82%
2019/6/4,197.26,193.38,197.37,192.51,433.92K,3.32%
2019/6/5,199.81,199.75,200.27,197.4,818.07K,1.29%
2019/6/6,202.02,200.2,202.5,199.36,552.48K,1.11%
2019/6/7,205.55,203.04,206.73,202.8,403.92K,1.75%
2019/6/10,207.8,207.24,209.95,207.18,799.34K,1.09%
2019/6/11,207.55,210.07,210.31,206.47,1.22M,-0.12%
2019/6/12,206.65,206.86,207.26,206.06,395.46K,-0.43%
2019/6/13,207.25,207.39,207.87,206.59,1.04M,0.29%
2019/6/14,205.39,205.7,206.06,204.68,248.05K,-0.90%
2019/6/17,205.8,205.58,206.69,205.39,274.36K,0.20%
2019/6/18,209.25,207.86,210.5,207.34,402.51K,1.68%
2019/6/19,210.26,209.84,210.75,208.5,377.02K,0.48%
2019/6/20,213.16,213.4,214.04,211.47,467.13K,1.38%
2019/6/21,211.4,212.18,213.17,211.26,481.60K,-0.83%
2019/6/24,211.22,211.8,212.18,211.22,286.35K,-0.09%
2019/6/25,207.52,211.21,211.32,207.29,470.39K,-1.75%
2019/6/26,209.51,209.44,211.13,209.44,278.91K,0.96%
2019/6/27,210.48,210.37,210.97,209.93,392.65K,0.46%
2019/6/28,210.89,211.2,211.38,209.85,632.69K,0.19%
2019/7/1,213.98,215.37,215.66,213.03,894.34K,1.47%
2019/7/2,214.61,213.75,214.61,213.3,355.31K,0.29%
2019/7/3,216.15,215.03,216.15,214.62,239.45K,0.72%
2019/7/5,215.82,214.63,216.1,213.64,275.68K,-0.15%
2019/7/8,214.22,214.35,214.49,213.32,251.10K,-0.74%
2019/7/9,215.03,212.95,215.23,212.89,848.71K,0.38%
2019/7/10,216.68,216.15,218.01,216.14,610.07K,0.77%
2019/7/11,217.4,217.24,218.15,216.65,381.63K,0.33%
2019/7/12,219.14,217.93,219.16,217.69,304.50K,0.80%
2019/7/15,219.68,219.59,220,219.12,280.60K,0.25%
2019/7/16,217.82,219.51,219.51,217.37,1.65M,-0.85%
2019/7/17,217.29,217.92,218.65,217.29,218.01K,-0.24%
2019/7/18,218.83,217,219.14,216.52,348.32K,0.71%
2019/7/19,217.64,220.67,220.9,217.53,369.36K,-0.54%
2019/7/22,220,218.51,220.57,218.51,354.09K,1.08%
2019/7/23,221.25,221.29,221.29,219.5,316.57K,0.57%
2019/7/24,223.32,220.99,223.37,220.86,333.01K,0.94%
2019/7/25,221.74,222.89,222.89,221.27,385.00K,-0.71%
2019/7/26,223.28,222.57,223.59,222.53,253.89K,0.69%
2019/7/29,222.93,223.28,223.67,220.96,528.84K,-0.16%
2019/7/30,221.58,221.24,222.43,220.88,231.19K,-0.61%
2019/7/31,218.35,222.52,222.96,216.05,664.97K,-1.46%
2019/8/1,217.25,218.74,223.2,216.18,880.61K,-0.50%
2019/8/2,213.2,215.51,216,211.44,686.78K,-1.86%
2019/8/5,204.44,207.58,207.61,202.62,1.10M,-4.11%
2019/8/6,207.43,206.97,208.27,205.17,695.59K,1.46%
2019/8/7,208.85,205.27,209.25,204.13,462.77K,0.68%
2019/8/8,214.02,210.52,214.1,210.12,1.10M,2.48%
2019/8/9,211.58,212.89,213.32,210.1,358.86K,-1.14%
2019/8/12,208.77,210.21,210.67,207.82,411.14K,-1.33%
2019/8/13,213.79,208.63,214.54,208.16,423.82K,2.40%
2019/8/14,207.22,209.78,210.51,206.55,2.26M,-3.07%
2019/8/15,206.81,207.36,207.77,205.06,643.22K,-0.20%
2019/8/16,210.53,208.82,211.09,208.29,354.80K,1.80%
2019/8/19,213.64,213.84,214.46,212.6,659.25K,1.48%
2019/8/20,212.69,213.36,214.34,212.39,339.43K,-0.44%
2019/8/21,215.15,214.75,215.75,214.15,372.29K,1.16%
2019/8/22,214.64,215.71,216.15,212.85,259.49K,-0.24%
2019/8/23,207.79,213.47,215.5,207.05,626.03K,-3.19%
2019/8/26,210.42,210.37,210.68,208.86,377.28K,1.27%
2019/8/27,209.9,211.83,212.18,208.75,362.47K,-0.25%
2019/8/28,210,208.77,210.38,207.16,300.68K,0.05%
2019/8/29,213.7,212.84,214.35,212.29,415.89K,1.76%
2019/8/30,213.56,214.99,215.22,211.96,317.55K,-0.07%
2019/9/3,210.93,211.96,212.64,210.15,460.51K,-1.23%
2019/9/4,214.58,213.22,214.58,213.06,250.90K,1.73%
2019/9/5,218.92,217.27,219.77,217.2,439.01K,2.02%
2019/9/6,218.61,219.41,219.52,218.2,274.90K,-0.14%
2019/9/9,216.93,219.49,219.67,215.63,700.39K,-0.77%
2019/9/10,215.85,215.72,215.85,213.3,439.62K,-0.50%
2019/9/11,218.07,216.39,218.2,215.94,290.42K,1.03%
2019/9/12,219.09,219.5,221,218.35,1.67M,0.47%
2019/9/13,217.54,218.88,219,217.37,285.16K,-0.71%
2019/9/16,217.33,215.87,217.77,215.46,291.05K,-0.10%
2019/9/17,218.11,217.43,218.25,217.01,196.44K,0.36%
2019/9/18,218.23,217.93,218.29,215.25,277.98K,0.06%
2019/9/19,218.72,218.84,220.56,218.37,467.70K,0.22%
2019/9/20,216.4,219.39,219.44,215.55,395.12K,-1.06%
2019/9/23,216.88,216.25,217.53,215.7,296.44K,0.22%
2019/9/24,214.43,218.14,219,213.63,543.33K,-1.13%
2019/9/25,216.99,214.21,217.62,212.23,350.96K,1.19%
2019/9/26,216.36,216.17,217.04,214.8,262.07K,-0.29%
2019/9/27,213.22,216.6,216.68,211.61,518.56K,-1.45%
2019/9/30,215.55,214.05,216,213.7,356.93K,1.09%
2019/10/1,213.61,216.51,217.91,213.39,522.62K,-0.90%
2019/10/2,209.61,212.18,212.29,208.01,601.98K,-1.87%
2019/10/3,212.32,209.52,212.34,206.92,505.19K,1.29%
2019/10/4,215.91,213.64,216.12,213.62,397.87K,1.69%
2019/10/7,215.23,215.17,216.9,214.98,347.19K,-0.31%
2019/10/8,211.05,213.72,214.01,210.94,483.76K,-1.94%
2019/10/9,214.06,213.16,214.84,212.85,362.36K,1.43%
2019/10/10,215.35,213.96,216.27,213.94,328.02K,0.60%
2019/10/11,218.5,217.88,220.43,217.88,782.72K,1.46%
2019/10/14,218.49,218.27,219.26,218.25,283.23K,0.00%
2019/10/15,220.76,219.12,221.31,218.94,384.99K,1.04%
2019/10/16,218.83,219.44,219.44,217.98,352.19K,-0.87%
2019/10/17,218.62,219.77,220.16,217.48,326.87K,-0.10%
2019/10/18,216.31,218.19,218.45,214.81,317.72K,-1.06%
2019/10/21,218.48,217.54,218.64,216.89,240.54K,1.00%
2019/10/22,215.52,218.98,219.67,215.45,354.88K,-1.35%
2019/10/23,215.74,215,216.03,214.5,248.58K,0.10%
2019/10/24,219.04,218,219.18,217.36,256.79K,1.53%
2019/10/25,221.68,219,221.81,219,278.29K,1.21%
2019/10/28,224.22,223.22,224.47,223.13,862.48K,1.15%
2019/10/29,222.4,224.17,224.49,222.4,295.78K,-0.81%
2019/10/30,223.9,223.04,224.1,221.7,348.62K,0.67%
2019/10/31,223.64,224.38,224.41,222.29,343.22K,-0.12%
2019/11/1,226.55,224.58,226.55,224.13,569.04K,1.30%
2019/11/4,227.58,228.35,228.45,227.23,370.79K,0.45%
2019/11/5,227.36,228.23,228.23,226.6,477.36K,-0.10%
2019/11/6,227.13,227.37,227.37,226.03,353.81K,-0.10%
2019/11/7,228.97,228.76,230.23,228.37,442.70K,0.81%
2019/11/8,230.2,228.27,230.2,227.46,341.07K,0.54%
2019/11/11,230.49,228.89,230.73,228.61,323.38K,0.13%
2019/11/12,231.22,230.69,232,230.18,386.72K,0.32%
2019/11/13,231.74,230.23,231.89,230.22,299.30K,0.22%
2019/11/14,231.46,230.91,231.56,230.3,450.78K,-0.12%
2019/11/15,233.39,232.98,233.4,232.35,320.22K,0.83%
2019/11/18,233.94,233.28,234.36,232.4,344.26K,0.24%
2019/11/19,234.71,234.81,235.34,233.66,599.49K,0.33%
2019/11/20,233.48,234.07,234.95,231.65,809.67K,-0.52%
2019/11/21,232.21,233.27,233.28,231.74,363.06K,-0.54%
2019/11/22,232.15,232.99,233.33,231.19,345.39K,-0.03%
2019/11/25,235.56,233.13,235.6,232.79,2.04M,1.47%
2019/11/26,235.69,235.66,236.32,235.36,461.87K,0.06%
2019/11/27,237.15,236.49,237.15,235.85,321.52K,0.62%
2019/11/29,236.15,236.48,236.87,236.08,189.45K,-0.42%
2019/12/2,232.79,236.42,236.49,231.73,516.41K,-1.42%
2019/12/3,230.94,228.99,231.01,228.01,578.95K,-0.79%
2019/12/4,231.72,232.32,232.5,231.41,522.70K,0.34%
2019/12/5,232.36,232.52,232.76,231.4,353.98K,0.28%
2019/12/6,234.91,234.2,235.07,233.99,390.18K,1.10%
2019/12/9,233.7,234.55,235.15,233.58,304.96K,-0.52%
2019/12/10,233.6,233.95,234.77,233.21,730.28K,-0.04%
2019/12/11,235.14,234.2,235.25,233.64,342.08K,0.66%
2019/12/12,237.43,234.64,237.76,233.88,614.02K,0.97%
2019/12/13,238.97,237.64,239.5,236.85,540.44K,0.65%
2019/12/16,240.46,240.01,241.35,240,529.27K,0.62%
2019/12/17,240,240.94,240.99,239.57,497.95K,-0.19%
2019/12/18,240.08,240.37,240.93,239.89,405.99K,0.03%
2019/12/19,241.66,240.32,241.7,240.2,524.58K,0.66%
2019/12/20,243.01,243.11,243.34,242.47,519.66K,0.56%
2019/12/23,243.83,243.92,244.32,243.35,430.65K,0.34%
2019/12/24,243.85,244.1,244.24,243.27,234.60K,0.01%
2019/12/26,245.73,244.32,245.73,244.32,301.47K,0.77%
2019/12/27,245.64,246.71,246.75,244.93,349.47K,-0.04%
2019/12/30,244.18,245.5,245.63,242.1,507.14K,-0.59%
2019/12/31,244.85,243.31,245.05,243,374.33K,0.27%
2020/1/2,249.34,247.05,249.36,246.64,1.42M,1.83%
2020/1/3,246.72,245.93,248.39,245.9,1.63M,-1.05%
2020/1/6,247.54,244.43,247.63,243.84,525.61K,0.33%
2020/1/7,247.51,247.87,248.56,247.02,389.99K,-0.01%
2020/1/8,250.12,247.69,251.16,247.38,622.09K,1.05%
2020/1/9,252.93,252.31,253.02,251.08,576.94K,1.12%
2020/1/10,252.38,253.96,254.27,251.91,604.92K,-0.22%
2020/1/13,255.76,253.54,255.87,253.39,592.58K,1.34%
2020/1/14,254.4,255.91,256.19,254.12,965.63K,-0.53%
2020/1/15,254.61,254.69,255.99,253.82,747.81K,0.08%
2020/1/16,258.1,256.36,258.14,256.02,564.92K,1.37%
2020/1/17,259.63,259.23,259.77,257.83,541.75K,0.59%
2020/1/21,259.25,258.88,260.79,258.74,734.80K,-0.15%
2020/1/22,260.32,261.07,262.13,260.07,763.14K,0.41%
2020/1/23,261.61,260.47,261.61,259.41,464.06K,0.50%
2020/1/24,260.26,263.49,263.99,259.25,790.83K,-0.52%
2020/1/27,254.05,254.06,255.95,251.44,1.07M,-2.39%
2020/1/28,258.88,256.14,259.47,255.68,622.63K,1.90%
2020/1/29,259.14,260.82,261.37,258.38,648.08K,0.10%
2020/1/30,261.21,258.88,261.36,257.38,566.27K,0.80%
2020/1/31,254.18,259.97,260,253.27,942.12K,-2.69%
2020/2/3,257.37,254.45,257.89,254.22,975.16K,1.26%
2020/2/4,264.1,261.73,264.53,261.1,830.12K,2.61%
2020/2/5,265.35,268.35,268.62,263.45,757.79K,0.47%
2020/2/6,267.48,266.43,267.48,265.14,518.91K,0.80%
2020/2/7,264.98,266.11,267.09,264.4,578.85K,-0.93%
2020/2/10,268.28,263.57,268.34,263.45,550.21K,1.25%
2020/2/11,267.79,270.65,270.85,267,536.31K,-0.18%
2020/2/12,270.64,269.53,270.72,268.1,513.93K,1.06%
2020/2/13,270.09,268.76,271.46,268.31,512.53K,-0.20%
2020/2/14,271.18,270.73,271.76,269.86,482.44K,0.40%
2020/2/18,270.19,269.27,270.63,268.72,721.86K,-0.37%
2020/2/19,273.21,271.72,273.73,271.72,659.27K,1.12%
2020/2/20,270.68,272.89,273.51,266.84,856.70K,-0.93%
2020/2/21,264.68,269.22,269.5,262.94,1.14M,-2.22%
2020/2/24,253.85,252.18,257.25,249,1.96M,-4.09%
2020/2/25,245.78,256,256.88,244.76,1.79M,-3.18%
2020/2/26,246.35,246.32,251.89,244.52,1.79M,0.23%
2020/2/27,233.6,238.22,243.75,233.6,2.52M,-5.18%
2020/2/28,235.65,224.37,237.33,223.79,3.54M,0.88%
2020/3/2,248.02,239.38,248.02,234.98,2.18M,5.25%
2020/3/3,238.97,249.6,251.2,236.48,2.09M,-3.65%
2020/3/4,248.72,244.43,248.9,240.71,951.18K,4.08%
2020/3/5,240.94,242.27,246.85,239.43,948.37K,-3.13%
2020/3/6,235.83,232.99,237.22,229.49,1.69M,-2.12%
2020/3/9,217.65,217.52,227.11,215.45,2.52M,-7.71%
2020/3/10,230.52,225.68,230.52,217.59,3.02M,5.91%
2020/3/11,219.43,224.29,225.54,216.15,1.58M,-4.81%
2020/3/12,197.84,203.3,214.08,197.76,3.46M,-9.84%
2020/3/13,219.63,210.62,219.89,199.26,2.07M,11.01%
2020/3/16,190.01,193.27,206.58,190,1.89M,-13.49%
2020/3/17,201.46,194.11,204.56,187.58,1.58M,6.03%
2020/3/18,194.69,189.28,198,183.01,3.81M,-3.36%
2020/3/19,195,191.57,201.56,187.11,1.33M,0.16%
2020/3/20,187.15,200,201.92,186.79,1.57M,-4.03%
2020/3/23,185.49,186.98,190.33,179.45,1.73M,-0.89%
2020/3/24,204.77,197.2,204.95,196.01,1.56M,10.39%
2020/3/25,204.87,206.88,214.12,200.72,1.82M,0.05%
2020/3/26,217.53,207.26,217.94,207.26,1.66M,6.18%
2020/3/27,207.91,210.94,214.54,207.3,1.44M,-4.42%
2020/3/30,216.14,209.8,216.5,209.73,1.53M,3.96%
2020/3/31,211.9,215.94,219.25,210.75,1.48M,-1.96%
2020/4/1,201.88,204.86,208.8,200.22,1.20M,-4.73%
2020/4/2,205.83,200.84,206.32,200.01,761.30K,1.96%
2020/4/3,202.51,205.05,207.09,200,501.76K,-1.61%
2020/4/6,219.76,211.58,221.26,210.17,1.18M,8.52%
2020/4/7,218.09,228.18,228.18,217.86,1.74M,-0.76%
2020/4/8,224.35,220.71,225.29,219.04,1.06M,2.87%
2020/4/9,224.88,227.64,228.55,223.22,1.71M,0.24%
2020/4/13,225.39,224.28,225.44,220.62,1.01M,0.23%
2020/4/14,234.54,230.53,235,229.51,1.62M,4.06%
2020/4/15,229.46,229.88,231.08,227.59,912.34K,-2.17%
2020/4/16,231.84,232.19,232.54,228.24,1.25M,1.04%
2020/4/17,235.57,236.04,236.32,232.05,1.01M,1.61%
2020/4/20,231.66,232.49,235.3,231.61,1.31M,-1.66%
2020/4/21,222.14,228.48,229,220.84,1.05M,-4.11%
2020/4/22,230.56,227.57,231.74,226.65,674.36K,3.79%
2020/4/23,229.38,231.13,233.77,229.09,600.85K,-0.51%
2020/4/24,233.89,230.24,234.09,228.71,856.66K,1.97%
2020/4/27,236.55,236.16,237.01,235,886.13K,1.14%
2020/4/28,233.55,239.5,239.66,233.27,843.15K,-1.27%
2020/4/29,243.52,238.46,244.2,237.75,948.60K,4.27%
2020/4/30,242,244.09,244.09,240.33,837.42K,-0.62%
2020/5/1,235.05,236.57,239.32,234.06,929.83K,-2.87%
2020/5/4,237.94,233.33,238.14,232.57,624.78K,1.23%
2020/5/5,241.62,240.65,244.47,240.45,900.02K,1.55%
2020/5/6,243.36,243.66,245.71,242.16,712.23K,0.72%
2020/5/7,247.74,247.02,249.11,246.68,812.74K,1.80%
2020/5/8,251.41,250.35,251.71,248.54,774.41K,1.48%
2020/5/11,253.14,249.79,254.66,249.35,1.38M,0.69%
2020/5/12,247.7,254.37,254.91,247.7,3.60M,-2.15%
2020/5/13,243.3,248.13,249.76,240.16,1.16M,-1.78%
2020/5/14,246.23,241.31,246.5,238.58,799.88K,1.20%
2020/5/15,247.68,242.77,247.68,242.09,665.54K,0.59%
2020/5/18,253.65,252.59,255.09,251.94,900.52K,2.41%
2020/5/19,252.88,254.04,256.97,252.88,709.60K,-0.30%
2020/5/20,258.67,256.53,259.17,256.21,708.98K,2.29%
2020/5/21,255.47,258.49,259.36,254.93,704.85K,-1.24%
2020/5/22,256.72,255.07,256.9,254.01,521.18K,0.49%
2020/5/26,256.9,261.9,261.99,256.45,763.29K,0.07%
2020/5/27,258.33,256.75,258.36,250.91,836.77K,0.56%
2020/5/28,257.81,257.59,262.55,257,703.69K,-0.20%
2020/5/29,261.03,258.44,261.7,256.54,738.57K,1.25%
2020/6/1,261.87,259.98,262.48,259.09,1.02M,0.32%
2020/6/2,264.21,262.37,264.21,259.66,570.92K,0.89%
2020/6/3,266.67,265.27,267.35,264.3,716.61K,0.93%
2020/6/4,264.05,265.71,267.11,262.41,706.39K,-0.98%
2020/6/5,270.43,266.05,271.17,265.12,713.92K,2.42%
2020/6/8,272.09,270.2,272.17,267.9,1.39M,0.61%
2020/6/9,272.7,270.62,274.18,270.32,638.92K,0.22%
2020/6/10,276.76,274.81,278.78,274.1,641.29K,1.49%
2020/6/11,260.99,270.96,272.17,260.73,1.34M,-5.70%
2020/6/12,264.2,268.57,269.38,259.66,1.12M,1.23%
2020/6/15,267.49,259.17,268.45,258.61,745.57K,1.25%
2020/6/16,273.12,274.24,275.36,269,1.10M,2.10%
2020/6/17,272.91,275.19,275.56,272.61,540.44K,-0.08%
2020/6/18,274.4,272.62,274.7,272.01,666.84K,0.55%
2020/6/19,272.58,277.72,278.02,271.4,638.41K,-0.66%
2020/6/22,276.94,272.38,277.18,271.97,553.30K,1.60%
2020/6/23,278.76,279.16,282.04,278.43,695.29K,0.66%
2020/6/24,272.46,277.71,279.23,270.88,911.88K,-2.26%
2020/6/25,276.08,272.71,276.3,269.82,630.10K,1.33%
2020/6/26,270.98,275.5,276.02,269.91,879.69K,-1.85%
2020/6/29,273.74,271.28,273.74,267.46,868.81K,1.02%
2020/6/30,278.71,273.61,279.51,273.53,748.74K,1.82%
2020/7/1,279.37,278.65,280.89,277.53,945.75K,0.24%
2020/7/2,280.9,281.96,283.3,280.24,820.63K,0.55%
2020/7/6,285.34,284.46,287.19,284.12,781.11K,1.58%
2020/7/7,282.72,284.95,288.12,282.36,788.03K,-0.92%
2020/7/8,287.63,284.67,287.63,283.61,566.17K,1.74%
2020/7/9,288.79,290,290.06,284.41,602.68K,0.40%
2020/7/10,288.23,288.17,288.6,285.28,583.77K,-0.19%
2020/7/13,281.65,290.68,292.44,281,1.41M,-2.28%
2020/7/14,285.02,279.37,285.35,276.14,1.04M,1.20%
2020/7/15,286.8,287.78,288.87,283.1,850.91K,0.62%
2020/7/16,283.18,283.81,284.5,280.98,520.24K,-1.26%
2020/7/17,284.86,284.75,285.69,282.2,484.79K,0.59%
2020/7/20,292.34,285.65,293.04,284.37,657.47K,2.63%
2020/7/21,289.52,294.94,294.94,288.62,774.45K,-0.96%
2020/7/22,291.7,289.97,292.94,289.59,600.97K,0.75%
2020/7/23,284.53,290.6,292.43,283.17,1.06M,-2.46%
2020/7/24,280.86,280.16,282.89,276.39,1.30M,-1.29%
2020/7/27,285.62,282.67,285.96,282.24,698.11K,1.69%
2020/7/28,282.21,285.07,285.7,282.06,443.27K,-1.19%
2020/7/29,287.04,283.46,287.63,283.46,402.80K,1.71%
2020/7/30,288.48,284.36,288.72,282.74,439.43K,0.50%
2020/7/31,295.27,293.12,295.33,288.12,782.16K,2.35%
2020/8/3,302.18,299.48,303.24,298.75,952.96K,2.34%
2020/8/4,303.17,301.94,303.24,300.43,905.83K,0.33%
2020/8/5,304.5,304.27,305.2,303.12,517.73K,0.44%
2020/8/6,308.17,304.58,308.47,303.39,553.60K,1.21%
2020/8/7,303.19,307.14,307.14,300.7,1.02M,-1.62%
2020/8/10,302.23,303.93,304.36,298.22,681.99K,-0.32%
2020/8/11,296.88,301.29,302.81,296.51,629.37K,-1.77%
2020/8/12,303.39,299.38,304.01,299,1.07M,2.19%
2020/8/13,304.13,303.75,306.5,302.89,764.17K,0.24%
2020/8/14,303.38,304.24,304.64,301.94,413.25K,-0.25%
2020/8/17,305.98,305.13,306.5,305.07,408.78K,0.86%
2020/8/18,306.89,306.72,307.79,304.43,411.21K,0.30%
2020/8/19,306.41,307.5,309.06,306,434.27K,-0.16%
2020/8/20,310.36,305.54,310.93,304.82,457.95K,1.29%
2020/8/21,313.59,310.77,314.04,310.56,645.61K,1.04%
2020/8/24,316.14,318.21,318.42,313.59,568.29K,0.81%
2020/8/25,317.65,315.7,317.88,314.86,513.59K,0.48%
2020/8/26,324.22,320.88,325.14,320.44,638.56K,2.07%
2020/8/27,324.02,325.67,326.62,321.29,682.49K,-0.06%
2020/8/28,327.15,325.47,328.11,325.23,748.22K,0.97%
2020/8/31,328.15,328.29,330.32,326.51,643.04K,0.31%
2020/9/1,335.96,331.78,336.29,330.26,858.89K,2.38%
2020/9/2,338.36,340.74,340.74,332.28,1.14M,0.71%
2020/9/3,318.35,332.76,332.76,315.92,2.16M,-5.91%
2020/9/4,313.29,316.49,320.84,299.81,2.33M,-1.59%
2020/9/8,299.64,302.26,309,299.21,2.11M,-4.36%
2020/9/9,309.1,306.59,312.17,303.38,1.21M,3.16%
2020/9/10,302.58,313.5,314.18,300.94,1.17M,-2.11%
2020/9/11,299.45,305.02,305.44,295.79,1.25M,-1.03%
2020/9/14,305.82,304.38,307.27,303.15,720.36K,2.13%
2020/9/15,309.16,310.68,311.01,306.95,774.61K,1.09%
2020/9/16,304.53,310.34,310.74,304.37,674.06K,-1.50%
2020/9/17,301.8,297.55,303.6,297.1,893.52K,-0.90%
2020/9/18,297.37,302.59,302.65,293.66,1.11M,-1.47%
2020/9/21,300.11,292.37,300.22,291.18,1.37M,0.92%
2020/9/22,305.09,303.6,305.67,298.34,819.08K,1.66%
2020/9/23,295.97,304.96,305.27,294.97,745.83K,-2.99%
2020/9/24,296.88,292.75,300.51,292.59,728.26K,0.31%
2020/9/25,304.36,297.24,305.13,295.49,647.22K,2.52%
2020/9/28,310,309.14,310,306.85,668.40K,1.85%
2020/9/29,309.15,309.87,311.15,308.74,542.72K,-0.27%
2020/9/30,311.45,309.23,314.58,308.69,731.68K,0.74%
2020/10/1,315.33,315.59,316.18,313.43,701.29K,1.25%
2020/10/2,308.07,307.96,313.13,306.85,1.04M,-2.30%
2020/10/5,315.07,310.41,315.07,310.41,721.83K,2.27%
2020/10/6,310.73,314.41,317.74,309.43,627.49K,-1.38%
2020/10/7,316.61,313.93,317.19,313.93,532.87K,1.89%
2020/10/8,318,319.31,319.69,317.14,1.19M,0.44%
2020/10/9,323.37,319.78,323.37,319.63,442.60K,1.69%
2020/10/12,331.52,328.33,333.46,326.22,655.98K,2.52%
2020/10/13,329.91,332.69,333.37,328.78,948.36K,-0.49%
2020/10/14,328.06,330.89,332.29,325.55,1.09M,-0.56%
2020/10/15,326.82,322.23,327.32,321.13,581.84K,-0.38%
2020/10/16,325.78,328.57,329.73,325.78,398.54K,-0.32%
2020/10/19,320.8,327.79,328.97,319.67,536.80K,-1.53%
2020/10/20,321.21,321.93,324.61,319.7,820.95K,0.13%
2020/10/21,320.06,320.88,323.49,319.4,322.25K,-0.36%
2020/10/22,318.79,320.17,321.37,314.73,452.25K,-0.40%
2020/10/23,318.6,319.28,319.81,315.99,261.46K,-0.06%
2020/10/26,311.72,315.36,317.63,307.84,601.25K,-2.16%
2020/10/27,313.12,313.29,314.29,311.67,412.12K,0.45%
2020/10/28,300.62,307.22,307.31,300.02,803.66K,-3.99%
2020/10/29,304.88,301.99,308.28,301.48,734.81K,1.42%
2020/10/30,297.99,301.05,302.58,294.79,842.58K,-2.26%
2020/11/2,298.61,300.38,302.45,295.4,619.41K,0.21%
2020/11/3,304.02,300.83,306.07,299.63,897.15K,1.81%
2020/11/4,316.04,313.35,318.17,310,919.85K,3.95%
2020/11/5,326.1,323.99,326.69,323.1,929.99K,3.18%
2020/11/6,327.62,325.36,328.38,321.24,489.32K,0.47%
2020/11/9,324.2,336.25,336.25,323.64,905.22K,-1.04%
2020/11/10,317.5,320.85,323.19,314.58,1.26M,-2.07%
2020/11/11,325.26,321.05,326.22,320.46,683.51K,2.44%
2020/11/12,322.73,325.57,327.11,321.36,372.49K,-0.78%
2020/11/13,325.27,325.05,325.88,322.16,313.13K,0.79%
2020/11/16,328.47,326.25,329,324.4,551.57K,0.98%
2020/11/17,327.52,327.11,329.18,325.56,374.23K,-0.29%
2020/11/18,324.11,327.39,328.52,324.11,364.75K,-1.04%
2020/11/19,327.66,324.23,327.95,322.6,307.54K,1.10%
2020/11/20,325.03,327.86,328.5,324.91,320.19K,-0.80%
2020/11/23,325.24,326.05,327.85,322.5,414.73K,0.06%
2020/11/24,329.1,326.59,329.67,323.95,475.79K,1.19%
2020/11/25,330.64,330.33,331.37,329,317.12K,0.47%
2020/11/27,333.09,332.54,334.1,332.27,217.87K,0.74%
2020/11/30,335.33,333.24,335.5,328.8,390.30K,0.67%
2020/12/1,338.11,337.55,339.93,335.83,718.93K,0.83%
2020/12/2,337.7,336.83,338.04,334.13,363.35K,-0.12%
2020/12/3,337.91,338.31,340.25,337.24,288.37K,0.06%
2020/12/4,341.7,338.66,341.7,338.03,369.41K,1.12%
2020/12/7,342.55,341.83,343.56,341.49,448.78K,0.25%
2020/12/8,344.1,342.45,345.26,341.29,417.06K,0.45%
2020/12/9,337.04,344.19,344.91,335.75,938.30K,-2.05%
2020/12/10,338.53,334.89,339.87,334.11,796.33K,0.44%
2020/12/11,337.93,336.49,338,334.08,424.00K,-0.18%
2020/12/14,339.38,339.36,342.16,339.17,308.58K,0.43%
2020/12/15,345.02,342.81,345.02,341.21,470.27K,1.66%
2020/12/16,347.53,345.59,348.35,344.46,372.97K,0.73%
2020/12/17,350,349.26,350.49,348.33,487.62K,0.71%
2020/12/18,349.06,350.77,350.81,347.45,378.22K,-0.27%
2020/12/21,349.99,345.77,350.16,342.56,603.61K,0.27%
2020/12/22,353.77,352.16,355.07,350.79,525.13K,1.08%
2020/12/23,350.55,354.47,354.86,350.5,388.67K,-0.91%
2020/12/24,352.88,351.27,353.67,351.27,182.44K,0.66%
2020/12/28,355.36,356.25,356.48,353.48,607.61K,0.70%
2020/12/29,353.01,357.24,357.69,352.33,532.90K,-0.66%
2020/12/30,353.48,354.55,355.07,352.84,354.64K,0.13%
2020/12/31,353.79,353.7,354.39,351.1,411.04K,0.09%
2021/1/4,347.91,355.38,355.53,343.14,810.17K,-1.66%
2021/1/5,350.77,347.05,350.92,347.01,445.99K,0.82%
2021/1/6,344.95,346.07,351.4,343.89,780.70K,-1.66%
2021/1/7,354.77,348.59,355.55,348.54,558.36K,2.85%
2021/1/8,357.36,357,358.67,353.5,539.74K,0.73%
2021/1/11,354.31,354.65,356.95,352.42,665.20K,-0.85%
2021/1/12,353.79,354.34,354.91,350.24,1.82M,-0.15%
2021/1/13,355.56,354.09,356.9,353.51,484.16K,0.50%
2021/1/14,353.34,356.53,357.66,352.84,418.73K,-0.62%
2021/1/15,349.62,352.93,354.65,348.8,519.73K,-1.05%
2021/1/19,353.98,352.1,354.65,350.96,503.09K,1.25%
2021/1/20,360.68,356.79,361.69,356.79,495.18K,1.89%
2021/1/21,364.86,362.83,365.81,360.62,455.81K,1.16%
2021/1/22,363.79,363.05,365.17,362.41,462.01K,-0.29%
2021/1/25,366.24,368.18,369.52,357.4,784.95K,0.67%
2021/1/26,365.07,367.58,367.95,364.38,793.95K,-0.32%
2021/1/27,357.74,363.15,364,354.57,1.35M,-2.01%
2021/1/28,359.64,359.75,365,358.58,469.28K,0.53%
2021/1/29,351.3,357.97,359.09,349.25,990.74K,-2.32%
2021/2/1,360.12,355.43,361.63,352.99,697.79K,2.51%
2021/2/2,365.86,364.1,366.76,363.4,452.19K,1.59%
2021/2/3,364.51,367.12,367.36,363.39,417.22K,-0.37%
2021/2/4,370.63,366.49,370.63,365.51,377.78K,1.68%
2021/2/5,370.7,372.22,372.22,369.43,363.64K,0.02%
2021/2/8,374.95,372.62,375,372,406.31K,1.15%
2021/2/9,375.07,373.87,376.35,373.87,554.64K,0.03%
2021/2/10,374.4,376.79,377.22,371.23,392.54K,-0.18%
2021/2/11,378.48,376.69,378.66,375.15,555.47K,1.09%
2021/2/12,380.61,377.74,380.79,376.31,297.30K,0.56%
2021/2/16,379.14,382.13,382.73,377.63,424.78K,-0.39%
2021/2/17,375.08,375.75,376,371,445.22K,-1.07%
2021/2/18,373.36,371.05,374.05,368.49,366.24K,-0.46%
2021/2/19,373.81,375.62,376.33,372.05,301.94K,0.12%
2021/2/22,364.71,369.05,370.07,364.44,488.65K,-2.43%
2021/2/23,362.63,358,364.82,350.31,1.15M,-0.57%
2021/2/24,367.62,360.66,368.02,356.8,671.26K,1.38%
2021/2/25,353.97,364.95,367.29,352.65,675.95K,-3.71%
2021/2/26,356.5,357.54,361.66,352.5,659.80K,0.71%
2021/3/1,368.26,362.5,368.65,360.9,668.12K,3.30%
2021/3/2,361.75,369.18,369.57,361.5,442.20K,-1.77%
2021/3/3,351.82,360.8,361.48,351.38,555.04K,-2.74%
2021/3/4,342.85,350.68,353.02,338.46,1.14M,-2.55%
2021/3/5,348.4,347.15,349.33,335.6,1.01M,1.62%
2021/3/8,339.41,347.96,350.14,339.12,776.63K,-2.58%
2021/3/9,352.4,348.4,354.61,347.67,1.08M,3.83%
2021/3/10,350.9,357.01,357.01,350.65,643.98K,-0.43%
2021/3/11,359.57,356.18,361.48,356.18,538.78K,2.47%
2021/3/12,356.95,355.25,356.99,352.68,401.59K,-0.73%
2021/3/15,361.35,357.32,361.43,356.08,443.25K,1.23%
2021/3/16,363.29,363.94,367.07,361.22,642.59K,0.54%
2021/3/17,363.4,360.01,365.33,356.99,575.86K,0.03%
2021/3/18,351.75,358.23,359.02,351.29,482.20K,-3.21%
2021/3/19,351.54,352.11,354.03,349,405.52K,-0.06%
2021/3/22,357.96,353.02,359.76,352.86,880.57K,1.83%
2021/3/23,355.26,358.94,360.23,354.26,302.47K,-0.75%
2021/3/24,349.81,357.39,357.43,349.81,364.12K,-1.53%
2021/3/25,349.89,347.82,350.99,344.8,438.25K,0.02%
2021/3/26,357.59,349.3,357.97,349.09,366.63K,2.20%
2021/3/29,354.9,356.76,357.73,352.86,431.48K,-0.75%
2021/3/30,352.65,352.62,353.26,349.52,282.15K,-0.63%
2021/3/31,358.49,355.02,360.92,355.02,437.54K,1.66%
2021/4/1,365.97,363.24,366.1,363,405.71K,2.09%
2021/4/5,372.45,368.64,373.15,367.79,531.93K,1.77%
2021/4/6,371.78,372,374.02,370.23,260.92K,-0.18%
2021/4/7,373.12,371.55,373.81,370.1,257.86K,0.36%
2021/4/8,378.8,376.39,378.8,375.99,421.08K,1.52%
2021/4/9,381.95,377.35,382.11,376.45,321.69K,0.83%
2021/4/12,380.69,380.89,381.86,378.52,362.51K,-0.33%
2021/4/13,384.79,382.08,385,381.67,441.59K,1.08%
2021/4/14,380.62,385,385.48,379.86,492.00K,-1.08%
2021/4/15,387.09,384.37,387.32,384.37,417.49K,1.70%
2021/4/16,386.49,388.04,388.04,385,322.73K,-0.16%
2021/4/19,382.84,384.81,386.65,380.56,369.37K,-0.94%
2021/4/20,378.96,382.06,383.69,376.88,481.33K,-1.01%
2021/4/21,382.95,378.13,383.15,377.38,655.62K,1.05%
2021/4/22,379.39,382.5,384.99,377.62,589.98K,-0.93%
2021/4/23,384.92,380.04,386.32,380.04,229.73K,1.46%
2021/4/26,388.04,385.03,388.25,385.03,436.72K,0.81%
2021/4/27,386.68,388.71,388.73,385.57,451.81K,-0.35%
2021/4/28,383.62,385.34,385.49,383,387.12K,-0.79%
2021/4/29,382.44,386.8,386.8,378.53,399.98K,-0.31%
2021/4/30,376.94,378.52,380.62,376.1,370.62K,-1.44%
2021/5/3,375.43,378.7,379.47,374.49,526.64K,-0.40%
2021/5/4,367.82,372.32,372.32,363.6,736.48K,-2.03%
2021/5/5,366.72,370.55,371.74,366.06,331.06K,-0.30%
2021/5/6,368.96,366.41,369.12,362.81,486.27K,0.61%
2021/5/7,372.5,372.75,375,371.04,304.76K,0.96%
2021/5/10,362.87,371.03,371.03,362.76,449.86K,-2.59%
2021/5/11,362.55,355.5,363.39,354.29,806.15K,-0.09%
2021/5/12,351.88,356.84,358.94,350.99,851.60K,-2.94%
2021/5/13,355.88,355.49,359.22,352.97,499.08K,1.14%
2021/5/14,364.12,360.03,365.28,359,329.21K,2.32%
2021/5/17,361.38,362.13,362.28,357.93,335.72K,-0.75%
2021/5/18,359.01,362.82,363.93,358.85,392.84K,-0.66%
2021/5/19,360.27,353.06,360.42,352.7,336.03K,0.35%
2021/5/20,367.4,361.78,368.61,361.58,312.30K,1.98%
2021/5/21,365.64,369.44,370.1,365.34,272.24K,-0.48%
2021/5/24,372,368.57,373.32,368.53,738.82K,1.74%
2021/5/25,372.12,373.69,374.37,371.35,267.25K,0.03%
2021/5/26,372.85,373.04,374,371.61,259.11K,0.20%
2021/5/27,371.28,372.47,373.85,371.13,237.56K,-0.42%
2021/5/28,372.28,372.83,374.56,372.1,225.34K,0.27%
2021/6/1,370.61,373.98,374.47,369.69,441.29K,-0.45%
2021/6/2,372.72,371.41,374.12,370.61,376.13K,0.57%
2021/6/3,368.73,369.6,370.93,366.75,385.85K,-1.07%
2021/6/4,375.7,371.22,376.2,371.22,342.58K,1.89%
2021/6/7,376.22,375.46,376.42,374.49,504.81K,0.14%
2021/6/8,376.88,378.19,379.98,375.31,232.88K,0.18%
2021/6/9,376.68,378.69,379.13,376.59,182.86K,-0.05%
2021/6/10,380.07,377.33,380.31,376.41,367.80K,0.90%
2021/6/11,382.4,380.43,382.52,379.97,277.43K,0.61%
2021/6/14,386.62,383.04,386.62,381.88,302.50K,1.10%
2021/6/15,383.96,386.49,386.49,383.11,305.28K,-0.69%
2021/6/16,382.35,384.3,385.51,378.25,554.32K,-0.42%
2021/6/17,387.28,381,388.77,380.81,1.41M,1.29%
2021/6/18,384.18,385.31,387,383.39,918.59K,-0.80%
2021/6/21,387.6,384.3,387.81,381.38,585.94K,0.89%
2021/6/22,391.32,388,391.33,387.32,339.69K,0.96%
2021/6/23,391.05,391.41,392.4,390.42,256.42K,-0.07%
2021/6/24,393.14,393.7,394.54,392.75,348.19K,0.53%
2021/6/25,393.05,393.97,394,392.05,285.38K,-0.02%
2021/6/28,397.24,394.68,397.67,394.68,440.34K,1.07%
2021/6/29,400.08,397.31,400.17,396.61,779.46K,0.71%
2021/6/30,398.77,399.01,399.82,397.78,500.49K,-0.33%
2021/7/1,398.9,398.38,398.9,396.53,432.75K,0.03%
2021/7/2,403.71,401.19,404.09,400.82,379.73K,1.21%
2021/7/3,403.71,403.71,403.71,403.71,-,0.00%
2021/7/4,403.71,403.71,403.71,403.71,-,0.00%
2021/7/5,403.71,403.71,403.71,403.71,-,0.00%
2021/7/6,405.71,405.52,407.12,401.87,401.14K,0.50%
2021/7/7,407.27,407.76,408.3,404.85,1.09M,0.38%
2021/7/8,403.3,399.99,404.52,398.9,561.35K,-0.97%
2021/7/9,407.11,403.14,407.5,402.38,286.80K,0.94%
2021/7/12,407.07,408.8,409.15,405.87,1.24M,-0.01%
2021/7/13,407.95,406.65,410.99,405.85,1.36M,0.22%
2021/7/14,409.72,412.44,412.6,408.56,394.38K,0.43%
2021/7/15,405.99,409.05,409.06,403.56,493.47K,-0.91%
2021/7/16,402.28,407.38,408.85,401.8,415.51K,-0.91%
2021/7/19,397.41,397.26,398.95,394.44,733.13K,-1.21%
2021/7/20,403.87,399.43,406.19,397.08,909.14K,1.63%
2021/7/21,407.99,404.08,408.08,403.19,1.48M,1.02%
2021/7/22,410.7,408.72,411.21,408.72,326.45K,0.66%
2021/7/23,414.73,413.02,415.15,411.42,430.16K,0.98%
2021/7/26,414.83,413.07,415.4,413.07,316.94K,0.02%
2021/7/27,410.31,413.3,413.3,404.75,1.69M,-1.09%
2021/7/28,410.74,410.52,412.2,407.2,367.62K,0.10%
2021/7/29,412.77,412.8,414.2,412.65,597.25K,0.49%
2021/7/30,412.21,409.78,412.75,409.51,257.16K,-0.14%
2021/8/2,411.19,414.02,414.83,411.05,461.03K,-0.25%
2021/8/3,413.48,411.64,413.63,409.06,294.17K,0.56%
2021/8/4,414.51,413.65,415.47,412.45,380.15K,0.25%
2021/8/5,417.13,415.11,417.32,415,198.45K,0.63%
2021/8/6,416.48,415.49,416.83,415.07,233.21K,-0.16%
2021/8/7,416.48,416.48,416.48,416.48,-,0.00%
2021/8/8,416.48,416.48,416.48,416.48,-,0.00%
2021/8/9,415.46,416.91,416.91,415.36,223.82K,-0.24%
2021/8/10,412.33,416.32,416.9,411.41,381.48K,-0.75%
2021/8/11,411.97,414.28,414.28,409.8,1.20M,-0.09%
2021/8/12,414.2,410.04,414.48,410.04,218.97K,0.54%
2021/8/13,416.08,414.5,416.36,413.96,204.42K,0.45%
2021/8/16,416.85,415.75,416.9,410.99,306.27K,0.19%
2021/8/17,413.29,413.84,414.88,410.62,374.93K,-0.85%
2021/8/18,408.01,412.65,414,407.62,332.25K,-1.28%
2021/8/19,411.08,406,412.75,406,408.79K,0.75%
2021/8/20,416.28,412.85,416.67,411.98,447.38K,1.26%
2021/8/23,422.13,418,422.6,418,378.88K,1.41%
2021/8/24,422.73,423.01,423.82,422.3,329.86K,0.14%
2021/8/25,422.76,424.03,424.72,421.92,457.19K,0.01%
2021/8/26,420.28,423.24,423.24,420,248.18K,-0.59%
2021/8/27,425.09,420.95,425.45,420.45,232.42K,1.14%
2021/8/30,429.3,428,429.84,427.76,372.93K,0.99%
2021/8/31,426.68,427.32,428.09,426.1,1.79M,-0.61%
2021/9/1,426.96,429.16,429.6,426.66,538.16K,0.07%
2021/9/2,427.29,428.94,429.13,425.36,322.68K,0.08%
2021/9/3,429.35,426.8,430.24,426.31,259.76K,0.48%
2021/9/7,428.9,430.13,430.13,427.25,404.51K,-0.10%
2021/9/8,426.41,426.97,427.25,423.66,364.37K,-0.58%
2021/9/9,425.02,426.84,428.14,424.89,245.77K,-0.33%
2021/9/10,420.77,427.46,428.47,420.39,380.56K,-1.00%
2021/9/13,420.8,423.89,423.89,418.15,1.19M,0.01%
2021/9/14,420.27,422.06,423.54,419.08,1.63M,-0.13%
2021/9/15,423.86,421,424.11,419,301.92K,0.85%
2021/9/16,424.57,422.01,425,420.36,245.46K,0.17%
2021/9/17,418.87,423.85,423.85,417.96,328.96K,-1.34%
2021/9/20,410.84,410.88,413.81,405.34,2.28M,-1.92%
2021/9/21,411.05,411.89,413.6,409.55,342.15K,0.05%
2021/9/22,417.13,413.01,418.12,412.24,327.20K,1.48%
2021/9/23,422.52,419.08,423.55,418.3,356.51K,1.29%
2021/9/24,422.56,419.72,423.26,419.24,1.65M,0.01%
2021/9/27,418.42,419,419.59,416.13,376.25K,-0.98%
2021/9/28,405.34,412.37,413.58,405.13,1.45M,-3.13%
2021/9/29,403.53,406.6,408.11,402.98,688.28K,-0.45%
2021/9/30,401.29,406,407.84,401.29,463.86K,-0.56%
2021/10/1,406.86,403.14,408.03,398.68,687.32K,1.39%
2021/10/4,396.99,404.99,404.99,394.1,873.68K,-2.43%
2021/10/5,402.72,398.28,405,397.94,475.84K,1.44%
2021/10/6,405.5,399.35,405.84,397.24,1.89M,0.69%
2021/10/7,409.86,409.41,413.07,409.37,1.66M,1.08%
2021/10/8,407.93,411.62,411.62,407.48,248.98K,-0.47%
2021/10/11,405.65,406.41,410.9,405.63,257.14K,-0.56%
2021/10/12,404.69,406.5,407.23,404.01,227.53K,-0.24%
2021/10/13,408.09,406.77,408.38,404.91,608.07K,0.84%
2021/10/14,416.93,412.54,417.22,412.05,595.71K,2.17%
2021/10/15,419.86,418.75,420,417.45,397.50K,0.70%
2021/10/18,423.78,417.46,423.97,417.25,333.74K,0.93%
2021/10/19,427.68,424.5,428.14,424.5,370.95K,0.92%
2021/10/20,426.85,428.58,428.76,425,711.76K,-0.19%
2021/10/21,428.69,425.26,428.98,424.55,411.45K,0.43%
2021/10/22,426.87,428.28,430.36,425.23,274.75K,-0.42%
2021/10/25,428.87,427,430.21,427,267.07K,0.47%
2021/10/26,429.44,431.8,433.13,428.95,376.28K,0.13%
2021/10/27,427.82,430.14,431.29,427.82,289.44K,-0.38%
2021/10/28,432.19,429.62,432.64,429.62,260.92K,1.02%
2021/10/29,434.16,428.09,434.43,427.8,282.42K,0.46%
2021/11/1,434.68,434.04,434.85,432.4,373.10K,0.12%
2021/11/2,437.65,435.67,438.56,435.67,318.75K,0.68%
2021/11/3,440.29,436.54,441.03,436.09,303.66K,0.60%
2021/11/4,446.58,442.11,447.19,442.11,307.97K,1.43%
2021/11/5,448.09,449.66,451.36,445.44,350.81K,0.34%
2021/11/8,451.3,450.72,452.06,449.29,329.99K,0.72%
2021/11/9,450.1,452.35,452.35,447.68,355.56K,-0.27%
2021/11/10,441.69,446.22,448.5,440.23,1.60M,-1.87%
2021/11/11,444.08,445.12,445.32,443.56,270.76K,0.54%
2021/11/12,449.4,445.48,450.09,444.88,366.83K,1.20%
2021/11/15,448.8,450.9,451.26,446.38,410.01K,-0.13%
2021/11/16,453.48,447.8,454.06,447.8,314.23K,1.04%
2021/11/17,451.57,452.86,454.3,450.75,1.27M,-0.42%
2021/11/18,454.82,454.4,455.51,450.14,443.67K,0.72%
2021/11/19,457.47,456.79,459.42,455.2,1.18M,0.58%
2021/11/22,450.64,459.56,463.57,450.34,879.99K,-1.49%
2021/11/23,448.58,449,450.64,443.37,1.36M,-0.46%
2021/11/24,452.31,446.12,452.49,443.6,437.16K,0.83%
2021/11/26,442.12,446.53,449.76,440.24,565.21K,-2.25%
2021/11/29,452.15,449.27,453.28,446.99,589.28K,2.27%
2021/11/30,447.69,450.96,454.26,444.02,675.92K,-0.99%
2021/12/1,439.52,452.07,454.82,439.37,562.52K,-1.82%
2021/12/2,444.25,435.05,446.17,435.05,837.30K,1.08%
2021/12/3,436,445.64,446.42,430.74,1.02M,-1.86%
2021/12/6,439.71,436.8,440.88,431.24,521.97K,0.85%
2021/12/7,455.61,448.47,456.48,448.47,504.73K,3.62%
2021/12/8,458.65,456.02,458.99,452.78,323.82K,0.67%
2021/12/9,452.7,457.69,460.6,452.33,328.50K,-1.30%
2021/12/10,460.04,457.31,460.62,455.11,404.08K,1.62%
2021/12/13,453.29,460.9,462,452.8,444.62K,-1.47%
2021/12/14,445.87,447.65,450.5,440.66,593.25K,-1.64%
2021/12/15,457.67,446.33,458.37,441.89,495.41K,2.65%
2021/12/16,443.6,459.01,459.32,440.74,625.92K,-3.07%
2021/12/17,442.06,438.76,446.07,436.71,411.20K,-0.35%
2021/12/20,436.87,435.9,438.12,433.66,569.26K,-1.17%
2021/12/21,448.65,441.93,449.07,437.62,490.44K,2.70%
2021/12/22,454.01,447.97,454.3,446.79,358.79K,1.19%
2021/12/23,456.49,454.84,458.28,454.37,301.33K,0.55%
2021/12/27,466.1,457.96,466.1,457.96,512.27K,2.11%
2021/12/28,462.84,466.83,467.06,461.58,518.22K,-0.70%
2021/12/29,462.88,462.7,464.56,460.05,366.45K,0.01%
2021/12/30,460.46,462.8,465.06,460.02,334.27K,-0.52%
2021/12/31,458.17,460.34,461.37,457.91,400.18K,-0.50%
2022/1/3,462,458.73,462.5,456.13,556.50K,0.84%
2022/1/4,456.16,462.4,463,451.79,821.16K,-1.26%
2022/1/5,441.02,453.11,453.97,440.82,944.66K,-3.32%
2022/1/6,439.35,437.33,443.43,435.71,729.13K,-0.38%
2022/1/7,434.86,439.21,441.63,432.12,1.84M,-1.02%
2022/1/10,435.32,427.96,435.88,422,2.71M,0.11%
2022/1/11,441.07,434.35,441.75,431.41,566.77K,1.32%
2022/1/12,442.51,444.24,447.46,440.4,1.19M,0.33%
2022/1/13,430,444.2,445.73,429.12,598.73K,-2.83%
2022/1/14,433.47,427.68,433.82,427.14,492.99K,0.81%
2022/1/18,422.41,427,429.91,421.5,729.72K,-2.55%
2022/1/19,416.52,424.01,429.23,416.3,2.50M,-1.39%
2022/1/20,411.34,420.42,425.74,410.79,627.18K,-1.24%
2022/1/21,402.43,409.21,414.6,402.29,1.87M,-2.17%
2022/1/24,405.03,393.88,405.49,380.63,6.23M,0.65%
2022/1/25,395.08,397.17,402.58,390.8,834.36K,-2.46%
2022/1/26,396.45,406.6,410.36,391.96,2.74M,0.35%
2022/1/27,393.09,402.79,405,391.61,653.69K,-0.85%
2022/1/28,409.84,397.86,410,391.4,936.15K,4.26%
2022/1/31,422.26,410.5,422.8,409,680.66K,3.03%
2022/2/1,424.01,423,424.62,417.01,1.58M,0.41%
2022/2/2,426.21,425.23,427.15,420.62,498.24K,0.52%
2022/2/3,412.93,419.15,422.36,411.39,687.12K,-3.12%
2022/2/4,416.08,412.27,419.73,409.59,457.12K,0.76%
2022/2/7,414.04,416.84,419.84,412.38,350.94K,-0.49%
2022/2/8,419.38,412.55,420.59,411.42,273.94K,1.29%
2022/2/9,429.68,424.8,429.68,423.15,1.19M,2.46%
2022/2/10,419.19,421.58,429.47,416.72,766.36K,-2.44%
2022/2/11,405.96,419.5,421.72,404.36,1.45M,-3.16%
2022/2/14,405.89,404.87,409.66,401.41,2.26M,-0.02%
2022/2/15,417.58,412.18,417.8,411.05,369.33K,2.88%
2022/2/16,416.84,414.2,418.1,409.8,329.98K,-0.18%
2022/2/17,403.13,412.71,412.99,402.5,455.98K,-3.29%
2022/2/18,398.09,404.57,405.04,395.28,646.58K,-1.25%
2022/2/22,394.18,394.59,400.98,390.19,2.18M,-0.98%
2022/2/23,384.21,398.11,399.59,383.62,717.56K,-2.53%
2022/2/24,398.09,370.88,398.61,369.01,2.31M,3.61%
2022/2/25,403.82,398.86,403.95,393.95,670.75K,1.44%
2022/2/28,403.91,400.15,406.02,397.29,592.38K,0.02%
2022/3/1,396.14,402.59,404.98,393,355.53K,-1.92%
2022/3/2,404.39,398.55,405.99,395.5,358.67K,2.08%
2022/3/3,398.1,407.13,407.13,396.22,369.78K,-1.56%
2022/3/4,390.16,395.42,396.83,387.37,435.57K,-1.99%
2022/3/7,375.53,390.16,392.06,375.17,881.91K,-3.75%
2022/3/8,373.68,374.52,385.52,368.57,1.79M,-0.49%
2022/3/9,389.61,383.56,391.01,381.47,663.15K,4.26%
2022/3/10,382.88,382.67,383.89,377.01,988.20K,-1.73%
2022/3/11,374.92,386.39,386.39,374.5,796.30K,-2.08%
2022/3/14,366.81,373.39,377.02,365.92,1.09M,-2.16%
2022/3/15,379.14,369.5,380,368.24,508.61K,3.36%
2022/3/16,393.02,383.8,393.17,378.79,666.80K,3.66%
2022/3/17,397.29,390.46,397.29,389.06,410.50K,1.09%
2022/3/18,406.39,395.85,406.88,393.96,506.50K,2.29%
2022/3/21,405.36,404.92,407.8,399.94,488.26K,-0.25%
2022/3/22,411.85,405.48,414.1,405.22,413.34K,1.60%
2022/3/23,405.58,407.65,412.31,404.74,388.50K,-1.52%
2022/3/24,415.49,406.5,415.49,405.49,341.52K,2.44%
2022/3/25,414.52,415.64,416.25,409.64,307.18K,-0.23%
2022/3/28,419.64,412.76,419.71,411.28,514.56K,1.24%
2022/3/29,428.92,424.54,429.56,421.62,1.96M,2.21%
2022/3/30,422.42,426.65,427.72,420.32,412.76K,-1.52%
2022/3/31,416.48,422.43,423.43,416,526.34K,-1.41%
2022/4/1,415.26,416.5,417.97,410.79,311.72K,-0.29%
2022/4/4,423.43,416.08,423.56,416.08,297.74K,1.97%
2022/4/5,413.42,421.71,422.3,412,652.69K,-2.36%
2022/4/6,402.32,406.78,407.04,399.21,599.17K,-2.68%
2022/4/7,403.57,401.6,406.01,397.51,330.45K,0.31%
2022/4/8,397.65,401.49,402.25,396.66,444.32K,-1.47%
2022/4/11,388.23,392.54,392.88,387.89,498.14K,-2.37%
2022/4/12,387.17,393.98,396.85,385.54,2.72M,-0.27%
2022/4/13,393.92,387.26,395.26,386.09,591.94K,1.74%
2022/4/14,384.18,394.27,395.14,384,392.72K,-2.47%
2022/4/18,384.63,382.43,387.24,381.21,672.81K,0.12%
2022/4/19,392.38,383.89,393.01,382.29,368.32K,2.01%
2022/4/20,390.76,396.13,397.25,389.72,405.04K,-0.41%
2022/4/21,383.24,394.35,398.52,381.92,459.65K,-1.92%
2022/4/22,372.65,383.44,384.86,372.28,753.06K,-2.76%
2022/4/25,378.73,370.57,378.86,369.25,644.04K,1.63%
2022/4/26,364.31,375.58,375.69,364.31,710.77K,-3.81%
2022/4/27,368.23,366.7,375.17,366.2,1.70M,1.08%
2022/4/28,383.13,374.2,385.39,371.7,571.39K,4.05%
2022/4/29,367.2,378.64,384.22,366.75,615.53K,-4.16%
2022/5/2,373.27,366.38,373.6,362.9,711.19K,1.65%
2022/5/3,373.51,372.75,375.5,370.15,405.92K,0.06%
2022/5/4,386.46,374.85,387.02,367.65,3.29M,3.47%
2022/5/5,366.73,380.63,380.95,362.33,863.22K,-5.11%
2022/5/6,362.75,363.8,369.02,357.05,1.77M,-1.09%
2022/5/9,347.13,356.31,358.3,345.52,2.19M,-4.31%
2022/5/10,352.17,355.51,357.1,346.23,1.74M,1.45%
2022/5/11,340.11,348.78,355.86,339.17,2.35M,-3.42%
2022/5/12,337.61,334.87,342.75,329.63,1.25M,-0.74%
2022/5/13,350.38,342.14,352.11,341.18,624.75K,3.78%
2022/5/16,346.2,347.9,350.92,343.85,2.10M,-1.19%
2022/5/17,356,353.58,356.39,349.12,489.72K,2.83%
2022/5/18,339.59,350.95,352.33,338.35,577.13K,-4.61%
2022/5/19,337.22,337.34,343.01,334.82,648.40K,-0.70%
2022/5/20,337.77,341.22,343.01,327.06,653.68K,0.16%
2022/5/23,344.92,338.87,345.44,337.28,522.30K,2.12%
2022/5/24,338.25,340.17,341.44,333,642.43K,-1.93%
2022/5/25,343.1,336.02,345.65,336.02,416.82K,1.43%
2022/5/26,351.8,341.58,353.29,340,570.17K,2.54%
2022/5/27,364.06,355.35,364.15,355.35,1.19M,3.48%
2022/5/31,361.1,362.64,364.71,357.58,481.11K,-0.81%
